10020510,한성백제문화제,"37.520847,127.11603",attractions
10020511,하이서울페스티벌,"서울 (Multiple locations, including Seoul Plaza and Cheonggye Plaza)",attractions
10020529,서울불꽃축제,"37.528095,126.92417",attractions
10020530,서울빛초롱축제,"37.569157,127.00403",attractions
10130671,학아재미술관,"37.577007,126.9904",attractions
10183192,석촌호수,"37.508343,127.1",attractions
10210051,누죤,서울 중구 을지로45길 62,attractions
10253198,서울파이낸스센터,서울 중구 세종대로 136,attractions
10270564,코엑스,서울 강남구 영동대로 513,attractions
10288072,디뮤지엄,"37.53687,127.01137",attractions
10376613,망원 한강공원,서울 마포구 마포나루길 467,attractions
10388757,북한산성 방문자센터,서울 은평구 대서문길 43-9,attractions
10447913,동대문역사관1398,서울 중구 을지로 281,attractions
1046419,청계천,"37.568733,126.98553",attractions
10464413,시네코아비밥전용관,서울 종로구 삼일대로 386,attractions
10467804,K-Style Hub,"37.56904,126.981636",attractions
10479243,Baek In-Je House Museum,"37.580803,126.984085",attractions
10483406,헬로에이피엠,"37.557457,126.95412",attractions
1052311,화폐 금융 박물관,"37.562363,126.98146",attractions
10536576,이화벽화마을,서울 종로구 이화동,attractions
10543181,윤동주 문학관,"37.592113,126.96732",attractions
10620641,문정전각갤러리,서울 인사동길 52,attractions
10625757,Myungsung Presbyterian Church,서울 452 Gucheonmyeon-ro,attractions
10677413,남산야외식물원,"37.54252,126.9963",attractions
10686434,구로시장,서울 구로구 구로동로22길 18,attractions
10686449,남구로시장,서울 구로구 구로동로26길 33,attractions
10720451,종각젊음의거리,"37.569542,126.985695",attractions
10758285,강남스타일 말춤 동상,서울 강남구 봉은사로,attractions
10779009,광희문,서울 중구 광희동2가 105,attractions
10794564,러브뮤지엄,"37.553482,126.92165",attractions
10813620,서울도서관,서울 중구 세종대로 110,attractions
10897838,북악스카이웨이,서울 종로구 평창동 산6-94,attractions
10897845,북악팔각정,"37.601746,126.98039",attractions
11434444,국기원,서울 강남구 테헤란로7길 32,attractions
1163226,중부시장,"37.566235,127.00033",attractions
1169465,N 서울 타워,"37.551388,126.988106",attractions
1176552,허준 박물관,"37.567684,126.85114",attractions
11772906,  ,서울   378,attractions
11850082,북촌한옥지원센터,"37.578953,126.986115",attractions
11850476,서울창포원,서울 도봉구 마들로 916,attractions
11879393,눈스퀘어,서울 중구 명동길 14,attractions
11879406,인사동관광안내소,서울 종로구 인사동길 62,attractions
11879469,동대문지하쇼핑센터,서울 종로구 율곡로 지하 308,attractions
11879639,해밀턴,서울 용산구 이태원로 179,attractions
11879686,하나아트갤러리,서울 종로구 인사동10길 2,attractions
11879752,명동지하상가,서울 중구 남대문로 지하 72,attractions
11879847,서울 시내버스,null,attractions
11918183,스타일난다 핑크호텔,"37.56207,126.985344",attractions
11926378,세빛섬,서울 서초구 올림픽대로 683,attractions
11928572,삼청공원,서울 종로구 삼봉로 33,attractions
11960625,피규어뮤지엄,서울 강남구 선릉로158길 3,attractions
12034029,에스알티,"37.486824,127.10248",attractions
12118155,열린극장,서울 종로구 창경궁로 258-12,attractions
12134415,경교장,"37.56836,126.96748",attractions
12202187,경의선숲길,서울 마포구 와우산로35길 50-4,attractions
12238654,롯데몰 은평점,서울 은평구 통일로 1050,attractions
12309166,서울스카이,"37.51264,127.10249",attractions
12335291,호텔드코드,"37.551807,126.91909",attractions
12339161,잠실종합운동장,서울 송파구 올림픽로 25,attractions
1235392,조계사,"37.573803,126.98223",attractions
12447861,종각지하쇼핑센터,서울 종로구 종로 73,attractions
12459260,서울로7017,"37.556667,126.972",attractions
12459280,시티스타몰,서울 중구 을지로 지하 12,attractions
12496146,윤스칼라,서울 마포구 와우산로14길 12,attractions
12499622,백범광장,"37.555042,126.97916",attractions
12538661,고속터미널상가,서울 서초구 신반포로 194,attractions
12538691,에이피엠 플레이스,서울 중구 을지로 276,attractions
12587887,역삼동성당,서울 강남구 언주로85길 23-11,attractions
12635586,별마당 도서관,"37.509945,127.060425",attractions
12657697,양천향교,서울 강서구 양천로47나길 53,attractions
12673929,소악루,서울 강서구 가양동 산4-7,attractions
12763399,평화의소녀상,서울 종로구 율곡로2길 22,attractions
12841946,롯데콘서트홀,서울 송파구 올림픽로 300,attractions
12847901,마포주민편익시설,서울 마포구 월드컵북로44길 40,attractions
12881807,난지천공원,서울 마포구 상암동 1731-5,attractions
12910217,라뜰리에,"37.56907,127.00724",attractions
12928976,DMC홍보관,서울 마포구 월드컵북로 366,attractions
12948626,이태원어린이공원,서울 용산구 녹사평대로46길,attractions
12986884,동대문성곽공원,"37.57195,127.00905",attractions
12986922,소공지하도상가,서울 중구 소공로 106,attractions
12986927,문화비축기지,서울 마포구 증산로 87,attractions
13004245,공덕시장,서울 마포구 만리재로 19,attractions
13086721,최규하대통령가옥,서울 마포구 동교로15길 10,attractions
13086792,우면산,서울 서초구 서초동,attractions
13123227,장충체육관,서울 중구 동호로 241,attractions
13138039,연세대학교 신촌캠퍼스,서울 서대문구 연세로 50,attractions
13141984,보라매공원,서울 동작구 여의대방로20길 33,attractions
13147874,평화의 소녀상,서울 서초구 반포대로27길 29,attractions
13151759,평화의 소녀상,서울 노원구 덕릉로 450,attractions
13151875,평화의 소녀상,서울 성북구 동소문로3길 11,attractions
13151896,평화의 소녀상,서울 중구 정동길 9,attractions
13152278,평화의 소녀상,서울 강북구 도봉로 351,attractions
13152481,평화의 소녀상,서울 성동구 행당동 192-3,attractions
13155667,평화의 소녀상,서울 도봉구 도봉로 552,attractions
13155689,평화의 소녀상,서울 용산구 이태원동 34-2,attractions
13169763,올림픽공원 세계평화의문,서울 송파구 올림픽로 424,attractions
13172633,경의선책거리,서울 마포구 와우산로35길 50-4,attractions
13172639,아시아공원,서울 송파구 올림픽로 44,attractions
13199013,익선동한옥거리,"37.57343,126.98951",attractions
13222799,목은선생영당,서울 종로구 종로5길 76,attractions
13229785,만화의거리 재미로,서울 중구 퇴계로20길,attractions
13319719,영천시장,서울 서대문구 성산로 704,attractions
13319724,망원시장,서울 마포구 포은로8길 14,attractions
13412916,쎈토이뮤지엄&쇼룸,서울 용산구 남산공원길 105,attractions
13433251,국제선센터,"37.520996,126.87004",attractions
13436805,김포공항 전망대,서울 강서구 하늘길 78,attractions
13553491,종로홍보관,서울 종로구 종로3길 24-29,attractions
13651545,현대카드 뮤직 라이브러리,"37.536587,127.00066",attractions
13688351,House of Go Hui-dong,"서울 40 Changdeokgung 5 - gil, Jongno-gu",attractions
13794376,템플스테이 홍보관,"37.573895,126.98318",attractions
13798962,주한중국문화원,"37.574566,126.97133",attractions
1379963,북촌 한옥마을,"37.582767,126.98356",attractions
1383393,동대문 밀리오레,"37.568066,127.008934",attractions
13860017,북한산영취사,"37.619324,126.99473",attractions
13954612,성내동 쭈꾸미골목,"37.537117,127.12619",attractions
13956902,사모바위,서울 종로구 진흥로 449,attractions
13968712,사물놀이 한울림,"37.573788,126.98561",attractions
13999912,강남스타일 말춤 무대,서울 강남구 강남대로 406,attractions
14015599,풍납토성,"37.53459,127.1206",attractions
14021823,와룡묘,"37.554836,126.98664",attractions
14064107,Popcond Square,"서울 Hang-dang-dae-ro, 23-gil, 55 Yongsan-gu",attractions
14101026,종로 성당,"37.57117,126.996635",attractions
14108530,영락교회,"37.563328,126.98895",attractions
14112185,신흥시장,"37.545475,126.98481",attractions
14112773,모래내시장,"37.570427,126.91544",attractions
14135425,종묘광장공원,"37.572933,126.994354",attractions
14147985,옥인 교회,"37.582184,126.97034",attractions
14148633,남대문 커뮤니티 라운지,"37.560284,126.977196",attractions
1418675,코엑스 센터,"37.513798,127.058105",attractions
14202310,화랑대역 - 폐역,"37.624542,127.09266",attractions
14202847,경춘선숲길,"37.632008,127.06794",attractions
14202981,안산자락길,"37.568314,126.94721",attractions
1440196,서대문 형무소 역사관,"37.574574,126.956665",attractions
14455910,황학정국궁전시관,"37.576195,126.974014",attractions
14771392,퀸마마마켓,"37.525322,127.035675",attractions
1478599,동대문 쇼핑몰,"37.568348,127.00919",attractions
14789834,서울상상나라,"37.549362,127.08181",attractions
14861028,와이낫,"37.53348,126.99617",attractions
1489411,세븐럭카지노 강북힐튼점,"37.555824,126.975555",attractions
1519813,한강 공원,"37.52343,127.00215",attractions
1532473,남평화 상가,"37.569164,127.01081",attractions
1537022,동대문 시장,"37.569645,127.00944",attractions
1549822,인왕산,"37.57841,126.95928",attractions
1551271,남산골 한옥 마을,"37.559303,126.994446",attractions
1552278,광장시장,"37.570377,127.0009",attractions
1554603,창경궁,"37.57883,126.99468",attractions
1579821,세종대왕 동상,"37.57272,126.976944",attractions
1604009,가로수길,"37.52046,127.02281",attractions
1627541,롯데월드 스타 애비뉴,"37.511253,127.09839",attractions
1643534,한가람 미술관,"37.48014,127.01394",attractions
1675961,선릉과 정릉,"37.509323,127.04672",attractions
1723779,소닌 프라자,"37.532913,126.96528",attractions
1735171,메사,"37.56043,126.97954",attractions
1758805,청와대,"37.586517,126.97581",attractions
1761206,서울글로벌문화체험센터,"37.56242,126.98506",attractions
1766551,쌈지길,"37.574013,126.98499",attractions
1772732,한국 지역정보 센터,"37.50444,127.00402",attractions
1804662,홍릉 수목원,"37.593555,127.04408",attractions
1809989,서울 시립 미술관,"37.56452,126.97384",attractions
1821360,청와대 사랑채,"37.582905,126.97325",attractions
1831099,국립국악원,"37.477673,127.00956",attractions
1836198,국립 고궁 박물관,"37.576572,126.97549",attractions
1842046,노량진 수산 시장,"37.515,126.94138",attractions
1862191,이화여자대학교,"37.56022,126.94569",attractions
1862195,한국 자수 박물관,"37.51538,127.03334",attractions
1862199,명동 서초 불한증막,"37.56239,126.984",attractions
1908282,산모퉁이,"37.59536,126.96798",attractions
1946087,그랜드 마트,"37.55525,126.93624",attractions
1956582,마장시장,"37.570858,127.042",attractions
1957485,홍익대학교,"37.555077,126.923325",attractions
1957627,여의도 공원,"37.526897,126.92273",attractions
1957629,국회 의사당,"37.52963,126.91627",attractions
1958930,한국의 집,"37.560486,126.99486",attractions
1958940,홍대앞 거리,"37.555458,126.92374",attractions
1960133,중앙고등학교 (겨울연가 촬영지),"37.583572,126.98687",attractions
1960138,문화역서울 284,"37.555817,126.97284",attractions
1962594,롯데백화점 본점,"37.564404,126.98256",attractions
1972734,정동극장,"37.565697,126.97292",attractions
1972740,세븐럭카지노 강남코엑스점,"37.511883,127.05732",attractions
1990451,타임스퀘어,"37.517727,126.90346",attractions
1992546,명동밀리오레,"37.563473,126.98362",attractions
2008729,잠실 야구 경기장,"37.512516,127.07218",attractions
2011401,신세계 백화점 본점,"37.56056,126.98091",attractions
2014599,아차산,"37.560097,127.10143",attractions
2015834,파라다이스 카지노 워커힐,"37.555115,127.11027",attractions
2015883,굿모닝시티,"37.566467,127.007774",attractions
2041644,사춤 시어터,"37.572678,126.987976",attractions
2041647,롯데 월드 예술 극장,"37.51131,127.09772",attractions
2092468,선유도 공원,"37.543514,126.89972",attractions
2094166,서울 역사 박물관,"37.570457,126.97044",attractions
2173769,세빛섬,"37.512436,126.99599",attractions
2194168,서울메트로,"37.556664,126.98284",attractions
2203080,트릭아이뮤지엄 서울,"37.553406,126.92163",attractions
2209195,뚝섬 전망문화 콤플렉스 J-Bug,"37.53101,127.066414",attractions
2255376,낙산 묘각사,"37.575756,127.01891",attractions
2269011,문묘,서울 종로구 성균관로 31,attractions
2269012,동묘,"37.5732,127.01823",attractions
2293568,경희궁,"37.578438,126.97686",attractions
2293574,서울 광장,"37.565556,126.977875",attractions
2293590,덕수궁 미술관,"37.565968,126.9737",attractions
2303919,절두산 순교 성지,"37.544136,126.91246",attractions
2341861,여의도 샛강 생태 공원,"37.518295,126.92196",attractions
2341869,환기 미술관,"37.59445,126.96622",attractions
2341870,쇳대박물관,"37.579796,127.00446",attractions
2341887,도산 공원,"37.52383,127.03533",attractions
2341905,동대문 역사 문화 공원,"37.56655,127.00912",attractions
2341922,길상사,"37.598434,126.99371",attractions
2367771,서울풍물시장,"37.572567,127.025635",attractions
2369065,부엉이 박물관,"37.587154,126.98296",attractions
2392950,JN 쇼핑몰,"37.561546,126.98618",attractions
2428773,회현 지하 상가,"37.56075,126.98193",attractions
2457547,동대문 시장 생선구이 골목,"37.5696,127.006004",attractions
2476657,비보이 시티 인 서울 - 쿵 (홍대 전용관),"37.55351,126.92682",attractions
2476788,디큐브 시티,"37.508938,126.889305",attractions
2483947,홍대난타전용극장,"37.55309,126.92111",attractions
2483960,수수보리 아카데미,"37.564,126.96319",attractions
2519674,서울 애니메이션 센터,"37.558468,126.9875",attractions
2571660,이태원,"37.534504,126.993935",attractions
2571695,와룡 공원,"37.590614,126.99059",attractions
3136733,칠궁,"37.58499,126.97326",attractions
3197992,국립극장,"37.552673,126.99934",attractions
320359,창덕궁,"37.579254,126.99215",attractions
324887,덕수궁,"37.565495,126.974815",attractions
324888,경복궁,"37.57843,126.97701",attractions
324890,국립 민속 박물관,"37.58133,126.9789",attractions
324891,롯데월드,"37.511112,127.09888",attractions
324907,남대문시장,"37.56031,126.97733",attractions
324915,명동난타극장,"37.56353,126.98367",attractions
324951,탑골 공원,"37.5712,126.98835",attractions
325043,국립중앙박물관,"37.523922,126.98085",attractions
3313698,티움,"37.566544,126.98499",attractions
3313701,백사실 계곡,"37.600266,126.96631",attractions
3322253,KTX,"37.553448,126.97111",attractions
3349619,세계장신구박물관,"37.580963,126.98179",attractions
3531799,전쟁과 여성 인권 박물관,"37.560078,126.91486",attractions
3568803,반포대교,"37.512417,126.99805",attractions
3600495,남산 케이블카,"37.55657,126.98416",attractions
3670803,서울대학교 미술관,"37.466446,126.94894",attractions
3694405,운현궁,"37.57614,126.98698",attractions
3694519,이화 벽화마을,"37.577896,127.00732",attractions
3694539,대림 미술관,"37.5775,126.97345",attractions
3694651,영등포 시장,"37.51975,126.90793",attractions
3805397,서울대학교 규장각,서울 관악구 신림동 관악로 599 103동,attractions
3805413,국립국악박물관,"37.478832,127.012",attractions
3805417,리아나 화장박물관,서울 강남구 언주로 827,attractions
3805418,"떡,부엌살림박물관","37.574867,126.99062",attractions
3805419,한국미술박물관,서울 종로구 창덕궁길 73,attractions
3805427,아름다운 차박물관,"37.572315,126.98586",attractions
3805440,동림매듭박물관,"37.581867,126.98561",attractions
3805459,한상수자수박물관,"37.58273,126.98564",attractions
3805479,독립문,"37.5745,126.958",attractions
3805483,서대문 자연사 박물관,"37.576622,126.93767",attractions
3805494,이리자 한복전시관,"37.577576,126.97976",attractions
3805517,태릉,서울 노원구 화랑로 681,attractions
3805519,진관사,서울 은평구 진관길 73,attractions
3805521,서울 정릉,"37.602272,127.00643",attractions
3805530,평강 성서유물 박물관,"37.492,126.844",attractions
3805545,명인박물관,"37.580135,126.98518",attractions
3805557,로봇 박물관,서울 종로구 동숭동 1-44번지,attractions
3805561,정동교회,"37.565323,126.97297",attractions
3805568,가회민화박물관,"37.58213,126.98564",attractions
3805580,간송 미술관,"37.5942,126.997",attractions
3805584,이화장,서울 종로구 이화동 1-2,attractions
3805589,서울 의릉,"37.603836,127.05755",attractions
3805601,보신각,"37.569973,126.98338",attractions
3805602,헌릉과 인릉,서울 서초구 헌인릉길 34,attractions
3805624,북촌 생활사박물관,서울 종로구 북촌로5나길 90,attractions
3805629,구러시아 공사관,서울 중구 정동길 21-18,attractions
3805630,숙정문,서울 성북구 성북동 산 25-22,attractions
3805632,아현동 웨딩드레스거리,서울 서대문구 북아현동,attractions
3805639,우표박물관,"37.561687,126.98229",attractions
3808256,이태원 앤틱 가구 거리,"37.53152,126.99374",attractions
3808276,혜화문 (홍화문),서울 종로구 창경궁로 185,attractions
3808296,창의문 (자하문),서울 종로구 부암동,attractions
3808298,호림아트센터 신사분관,"37.522167,127.036",attractions
3808299,국립중앙박물관 어린이박물관,"서울 135, Seobinggo-ro, Seobinggo-dong, Yongsan-gu",attractions
3808303,국립민속박물관 어린이박물관,"37.581566,126.97893",attractions
3808305,연세로,"37.56117,126.93992",attractions
3808315,숭례문,"37.559937,126.97528",attractions
3821647,꼭두 박물관,"37.583706,127.00359",attractions
3822061,IFC 몰,"37.52533,126.925644",attractions
3871936,국립현대미술관 서울관,"37.579147,126.98032",attractions
3901164,롯데아울렛 서울역점,"37.55235,126.97213",attractions
3901265,서울중앙성원,"37.53338,126.99748",attractions
3901448,경희대학교 서울캠퍼스,"37.595448,127.05276",attractions
3954463,Sinchon Museum of American War Atrocities,서울 Sinchon,attractions
3957021,북촌 동양 문화 박물관,서울 종로구 삼청동 35-91,attractions
3957040,대한민국 역사 박물관,"37.57396,126.97768",attractions
4067949,아트선재센터,서울 종로구 율곡로3길 87,attractions
4068006,Daewonsa Tibet Museum,"서울 831, Juksan-ri, Mundeok-myeon",attractions
4068109,Iron Museum,"서울 97, Ohyang-ri, Gamgok-myeon",attractions
4068112,Andong Soju Traditional Food Museum,"서울 280, Susang-dong",attractions
4084344,서울 시청,"37.56629,126.97784",attractions
4084362,광희 패션몰,"37.568584,127.01192",attractions
4084386,북악산 서울 성곽,"37.59371,126.97753",attractions
4087589,Gimpo City Hall,"서울 263-1, Saoe-dong",attractions
4094797,갤러리 아라리오 서울,"37.57905,126.98201",attractions
4094800,공근혜 갤러리,"37.58399,126.97965",attractions
4094809,뚝섬 한강공원 수영장,"37.531868,127.07028",attractions
4094815,알파갤러리,"37.56026,126.97672",attractions
4094818,Dongduk Art Gallery,"서울 151-8, Gwanhun-dong, Jongno-gu",attractions
4094832,Gallery Now,"서울 192-13, Gwanhun-dong, Jongno-gu",attractions
4094834,갤러리 더 스페이스,"37.520798,127.04847",attractions
4094840,Moin Gallery,"37.574226,126.98581",attractions
4094859,갤러리선컨템포러리,"37.5805,126.98037",attractions
4094861,하늘공원,"37.566414,126.88615",attractions
4094871,갤러리위,"37.59123,126.98003",attractions
4094877,충무아트센터,"37.566006,127.0148",attractions
4094887,Art Center Nabi,"서울 99, Seorin-dong, Jongno-gu",attractions
4094903,아이스갤러리,"37.553883,126.92205",attractions
4094927,Gallery Luminarie,"서울 1323-1, Seocho2-dong, Seocho-gu",attractions
4094934,유니버설아트센터,"37.55025,127.08756",attractions
4094936,나이프갤러리,"37.573765,126.984856",attractions
4094942,구로아트밸리,"37.49654,126.88897",attractions
4094957,갤러리 사비나,"37.57398,126.98543",attractions
4095481,The Central Museum of KyungHee University,"서울 1, Hoegi-dong, Dongdaemun-gu",attractions
4095486,암사동선사주거지,"37.55764,127.13072",attractions
4095493,Mongchon Museum of History,"서울 88-3, Bangi-dong, Songpa-gu",attractions
4095494,육군박물관,"37.624485,127.08224",attractions
4095498,삼전도비,"37.50332,127.10706",attractions
4095502,아이파크몰,"37.528965,126.96546",attractions
4095561,숙명여자대학교박물관,"37.545578,126.96539",attractions
4095581,겸재정선기념관,"37.572166,126.83837",attractions
4095605,박을복자수박물관,"37.653534,127.0086",attractions
4095620,경운박물관,"37.486828,127.06609",attractions
4095644,티벳박물관,"37.580105,126.98194",attractions
4095656,The Korea Museum of Modern Costume,"서울 55-1, Chungsin-dong, Jongno-gu",attractions
4095657,암사동선사주거지 원시생활전시관,"37.560566,127.13087",attractions
4095668,산악박물관,"37.497837,127.0356",attractions
4095671,연세대학교 박물관,"37.5655,126.93793",attractions
4095679,사육신공원,"37.513515,126.94866",attractions
4095680,낙성대공원,"37.470974,126.960526",attractions
4095681,장충단공원,"37.558743,127.00477",attractions
4095685,낙산공원,"37.580868,127.00816",attractions
4096206,돈암문화스포츠센터,"37.593277,127.01294",attractions
4096207,용산구문화체육센터,"37.53722,126.9677",attractions
4096223,남산타운문화체육센터,"37.54956,127.01189",attractions
4096226,마포아트센터,"37.549953,126.94558",attractions
4097409,한국 가구 박물관,"37.60002,126.99316",attractions
4211969,우정총국,"37.574406,126.98273",attractions
4235275,샤롯데 씨어터,"37.511253,127.09802",attractions
4323885,충정로 난타극장,"37.559956,126.9622",attractions
4412686,안중근의사 기념관,"37.553432,126.98054",attractions
4427522,서울시립미술관 남서울분관,"37.47613,126.97959",attractions
4427533,한원미술관,"37.48176,127.01545",attractions
4427534,플라토,서울 중구 태평로2가 150,attractions
4427620,화정박물관,서울 종로구 평창8길 3,attractions
4427650,울트라건축박물관,서울 양천구 중앙로 262,attractions
4427657,생명과학체험박물관,서울 양천구 목동동로 206-1,attractions
4427661,갤러리현대,서울 강남구 신사동 640-6,attractions
4427662,분재박물관,서울 서초구 신흥안길 40-10,attractions
4427670,서울대학교병원 의학박물관,서울 종로구 연건동 28,attractions
4438496,서울아트센터 공평갤러리,서울 종로구 공평동 5-1,attractions
4438505,롯데월드 민속박물관,"37.5112,127.098",attractions
4438517,웅갤러리,서울 강남구 언주로150길 34,attractions
4438637,강북문화예술회관,서울 강북구 수유동 360-10,attractions
4438686,강동구립해공도서관,서울 강동구 천호동 360,attractions
4438687,세곡문화센터,서울 강남구 율현동 278-1,attractions
4438706,개포2문화센터,서울 강남구 삼성동 8,attractions
4438716,덕수궁 중명전,서울 중구 정동 1-11,attractions
4438789,불교중앙박물관,"37.573715,126.98198",attractions
4440129,예술의전당 오페라하우스 자유소극장,서울 서초구 서초동 700,attractions
4798548,Tiovivo Shindorim Store,"서울 3-25, Guro5-dong, Guro-gu",attractions
4798567,Kukje Gallery,"서울 59-1, Sogyeok-dong, Jongno-gu",attractions
4798570,Deokwon Gallery,"서울 15, Insa-dong, Jongno-gu",attractions
4798571,Yoon Gallery,"서울 30-12, Gwanhun-dong, Jongno-gu",attractions
4798574,Trunk Gallery,"서울 128-3, Sogyeok-dong, Jongno-gu",attractions
4798583,Gana Art Gallery,"서울 97, Pyeongchang-dong, Jongno-gu",attractions
4798598,관훈갤러리,서울 종로구 인사동길 11,attractions
4798608,인사아트센터,서울 종로구 인사동길 41-1,attractions
4798610,Seoul Olympic Misulgwan,"서울 88-8, Bangi-dong, Songpa-gu",attractions
4798618,The Museum of Photography,"서울 45, Bangi-dong, Songpa-gu",attractions
4798630,Seoul Fashion Center,"서울 251-7, Sindang-dong, Jung-gu",attractions
4798642,Hongreung Sumokwon,"서울 207, Cheongnyangni2-dong, Dongdaemun-gu",attractions
4798676,Jong Ie Nara Paper Art Museum,"서울 166, Jangchungdan-ro, Jung-gu",attractions
4798677,춘원당한방 박물관,서울 종로구 돈화문로9길 27,attractions
4798681,The Korean National Police Heritage Museum,"서울 58, Sinmunno2-ga, Jongno-gu",attractions
4798686,Korean Film Archive,"서울 1602, Sangam-dong, Mapo-gu",attractions
4798687,Bona Museum/Gallery,"서울 192-10, Gwanhun-dong, Jongno-gu",attractions
4798694,Mokin Museum,"서울 82, Gyeonji-dong, Jongno-gu",attractions
4798698,서울 올림픽 기념관,"37.521,127.116",attractions
4798710,송파나루공원,서울 송파구 잠실로 180,attractions
4798711,서울숲,"37.544132,127.041725",attractions
4798715,여의도 한강공원,"37.52747,126.93387",attractions
4798717,Samcheong Park,"서울 2, Samcheong-dong, Jongno-gu",attractions
4798825,Woori Financial Art Hall,"서울 88-2, Bangi-dong, Songpa-gu",attractions
4798827,Olympus Hall,"서울 114-9, Samseong-dong, Gangnam-gu",attractions
502576,삼청각,"37.59759,126.98369",attractions
553213,서울 대학로,"37.58098,127.0024",attractions
553246,신촌,"37.55694,126.936806",attractions
553546,명동 쇼핑 거리,"37.56355,126.98473",attractions
554303,스타필드 코엑스몰,"37.511185,127.06021",attractions
554528,북한산 국립공원,"37.654488,126.97902",attractions
554533,동대문 (흥인지문),"37.571075,127.009094",attractions
554537,한국 전쟁 기념관,"37.535297,126.97722",attractions
554551,63시티,"37.5198,126.94008",attractions
554582,남산 공원,"37.551746,126.98804",attractions
554634,종묘,"37.572933,126.994354",attractions
561808,서울 월드컵 경기장 (상암 월드컵 경기장),"37.568386,126.896866",attractions
590748,광화문,"37.57581,126.97692",attractions
5924188,트릭 월드,"37.562412,126.9841",attractions
592440,사직 공원,"37.57572,126.96864",attractions
592441,국립 4.19 민주 묘지,"37.648933,127.00785",attractions
592442,아차산성,서울 광진구 광장동,attractions
592450,농업 박물관,"37.56663,126.968254",attractions
5924658,서울 미술관,"37.59487,126.963455",attractions
592482,봉원사,"37.572132,126.9471",attractions
592483,63 시월드,"37.519783,126.94021",attractions
592484,충무공 이순신 동상,"37.57072,126.97692",attractions
592486,봉은사,"37.515244,127.056946",attractions
592487,보라매 공원,"37.49184,126.91938",attractions
592490,서울 어린이 대공원,"37.549084,127.08271",attractions
592492,한국 금융사 박물관,"37.568626,126.97645",attractions
592495,코엑스 아쿠아리움,"37.512913,127.05837",attractions
592497,도선사,"37.655304,126.98971",attractions
592500,옹기 민속 박물관,"37.654522,127.014915",attractions
592502,지구촌 민속 박물관,"37.55451,126.98116",attractions
592504,호림 박물관 신림 본관,"37.48087,126.918205",attractions
592506,인사동,"37.574165,126.98491",attractions
592507,세종대왕 기념관,"37.590244,127.04338",attractions
592508,국립 서울 현충원,"37.496075,126.96713",attractions
592509,우정 박물관,서울 21 Choogmuro 1-ga,attractions
592515,마루존 김치 백화점,서울 1543-2 Gayang-dong,attractions
592517,토탈 미술관,"37.612144,126.97561",attractions
592518,서울 세관 박물관,"37.518185,127.03472",attractions
592520,마로니에 공원,"37.5804,127.00279",attractions
592521,뮤지엄김치간,"37.57356,126.98528",attractions
592523,용산 가족 공원,"37.521122,126.984146",attractions
592524,육군 사관학교,"37.625015,127.097305",attractions
592658,올림픽 공원,"37.517876,127.1194",attractions
5971975,KBS 온,"37.52559,126.91642",attractions
598499,삼성미술관 리움,"37.538036,126.99899",attractions
609340,명동 성당,"37.563774,126.986855",attractions
6197433,덕수궁미술관,"37.565872,126.97501",attractions
6197467,수도국산 달동네박물관,"37.572536,126.99806",attractions
6197503,백범김구기념관,"37.545025,126.95974",attractions
632509,화계사,"37.632664,127.007195",attractions
6352852,메세나폴리스몰,"37.5506,126.91368",attractions
6378743,박물관은살아있다 인사동점,"37.57171,126.98729",attractions
6509932,낙산 공공 미술,"37.56657,127.00774",attractions
6570666,이대 패션거리,"37.557373,126.94583",attractions
6656809,고려대학교,"37.59002,127.03184",attractions
6656879,삼청동길,"37.582783,126.98187",attractions
6671988,동대문 디자인 플라자,"37.567024,126.99493",attractions
6680423,한국관광공사 관광안내전시관,"37.568523,126.98165",attractions
6732940,빛타래,"37.51824,126.90121",attractions
6847894,양화진 외국인 선교사 묘원,"37.546474,126.91138",attractions
6847900,광화문 광장,"37.574066,126.97677",attractions
6876616,서울 석촌동 고분군,"37.501972,127.10288",attractions
6941864,서울남산국악당,"37.5585,126.9935",attractions
6960656,마리오 아울렛,"37.478706,126.8865",attractions
7028430,양재 시민 공원,"37.4699,127.03706",attractions
7028432,꿈의 숲,"37.621567,127.04007",attractions
7028448,몽마르뜨 공원,"37.49502,127.00361",attractions
7060791,63 스카이 아트,"37.519733,126.940155",attractions
7060830,시몬느 핸드백 박물관,"37.519024,127.023",attractions
7060833,경인 미술관,"37.57456,126.98562",attractions
7060838,청계천 박물관,"37.57124,127.03502",attractions
7118734,북촌 문화 센터,"37.579037,126.9864",attractions
7154750,홍대앞 예술시장 프리마켓,"37.552277,126.922966",attractions
7154824,대림 시장,"37.61003,126.92149",attractions
7154849,리틀 도쿄,"37.520683,126.96868",attractions
7154853,중앙아시아촌,"37.563797,127.00023",attractions
7154858,아라리오뮤지엄 인 스페이스,"37.577656,126.98847",attractions
7154877,국립중앙도서관,서울 서초구 반포대로 201,attractions
7154928,동묘벼룩시장,"37.575405,127.01939",attractions
7154939,청담동 패션 거리,"37.525063,127.04933",attractions
7264066,수성동 계곡,서울 종로구,attractions
7264107,고투 몰,"37.506226,127.00491",attractions
7264189,천주교 순교성지 새남터 기념성당,"37.524426,126.95614",attractions
7264192,응봉산,서울 성동구 응봉동,attractions
7272329,호림 박물관 신사 분관,서울 강남구 도산대로 317,attractions
7353795,북촌 전망대,"37.582973,126.98274",attractions
7353801,손기정 기념관,서울 중구 손기정로 101,attractions
7622540, ,"37.565514,126.97553",attractions
7717373,서울 한양 도성,"37.566536,126.97797",attractions
7717447,환구단,서울 중구 소공로 112,attractions
7717516,국립 한글 박물관,서울 용산구 서빙고로 139,attractions
7738848,디보 빌리지,서울 중구 청계천로 400,attractions
7891673,일민미술관,서울 종로구 청계천로 1 세종로,attractions
7891676,가든파이브,서울 송파구 충민로 66,attractions
7891686,세종이야기  충무공이야기,"37.572693,126.9769",attractions
7891834,광진교8번가,서울 강동구 선사로 4,attractions
7891838,LG 아트센터,"37.5019,127.037285",attractions
7891907,포스코센터,서울 강남구 테헤란로 440,attractions
7891908,국립서울과학관,서울 종로구 창경궁로 215,attractions
7891912,답십리 고미술상가,"37.569332,127.051",attractions
7891913,난지미술창작스튜디오,서울 마포구 하늘공원로 108,attractions
7891916,아르코 예술 극장,서울 종로구 대학로8길 7,attractions
7891917,약현성당,서울 중구 청파로 447-1,attractions
7891918,소마미술관,서울 송파구 올림픽로 424,attractions
7891924,금호미술관,"37.577526,126.97982",attractions
7891933,갤러리 학고재,서울 종로구 삼청로 50,attractions
7891934,성곡미술관,서울 종로구 경희궁길 42,attractions
7891939,선유교,"37.540817,126.90172",attractions
7891943,몽촌토성,서울 송파구 올림픽로 424,attractions
7891945,하이브랜드 프리미엄 아울렛,서울 서초구 매헌로 16,attractions
7891946,서울성공회성당,서울 중구 세종대로21길 15,attractions
7891951,엠플라자,서울 중구 명동8길 27,attractions
7891956,가락시장,서울 송파구 양재대로 932,attractions
7891981,김종영미술관,서울 종로구 평창32길 30,attractions
7891989,윤봉길 의사 기념관,서울 서초구 매헌로 99,attractions
7891991,디지털파빌리온,"37.579636,126.89101",attractions
7892011,길동생태공원,서울 강동구 천호대로 1298,attractions
7892016,뚝섬 아름다운 나눔장터,서울 광진구 강변북로 139,attractions
7892033,방학동 도깨비시장,서울 도봉구 도당로13다길 29,attractions
7892121,한의약 박물관,서울 동대문구 왕산로 128,attractions
7892126,대각사,서울 종로구 율곡로10길 87,attractions
7892131,서서울호수공원,서울 양천구,attractions
7892136,배재학당역사박물관,"37.56389,126.97253",attractions
7892447,강남관광정보센터,서울 강남구 압구정로 161,attractions
7892528,대중음악전시관,"서울 송파구 올림픽로 424, 올림픽홀",attractions
7892561,경희대학교 한의학역사박물관,서울 동대문구 경희대로 23,attractions
7980918,도산 안창호 기념관,서울 강남구 도산대로45길 20,attractions
7987267,청운공원,서울 종로구 청운동 7-4,attractions
7987806,서소문공원,서울 중구 의주로2가 16,attractions
8019604,서대문독립공원,서울 서대문구 통일로 247,attractions
8029067,테지움 서울,"37.57171,127.0153",attractions
8076992,갤러리 현대,서울 종로구 삼청로 14,attractions
8077234,도봉문화정보도서관,서울 도봉구 덕릉로 315,attractions
8077812,강남아트홀,서울 서초구 서초대로73길 30,attractions
8084014,현대백화점 압구정본점,"37.52731,127.02749",attractions
8121688,충무로 애완동물 거리,서울 충무로,attractions
8121809,한국잡지박물관,서울 영등포구 여의대방로67길 11,attractions
8121817,경희대학교 자연사박물관,서울 동대문구 경희대로 26,attractions
8121881,갤러리아 백화점 본점,"37.527866,127.04159",attractions
8123881,강북 문화정보 도서관,서울 강북구 오현로 145,attractions
8262102,심심헌,"37.582684,126.98356",attractions
8317410,현대원서공원,서울 종로구 창덕궁길 19,attractions
8404036,인사동 홍보관 관광안내소,서울 종로구 인사동11길 19,attractions
8449187,한성 백제 박물관,"37.51555,127.12097",attractions
8449230,나들길,null,attractions
8556104,명동관광정보센터,"37.56581,126.98448",attractions
8591663,동양 예술 극장,서울 종로구 대학로 14길 29,attractions
8591974,영화사,서울 광진구 영화사로 107,attractions
8627561,뮤지엄 김치간,서울 종로구 인사동 35-4,attractions
8630566,다이나믹 메이즈,"37.571705,126.98727",attractions
8693245,3D블랙아트 박물관,"37.561787,126.98664",attractions
8693250,목동종합운동장,서울 양천구 안양천로 939,attractions
8724136,북악산,서울 종로구 부암동,attractions
8737878,그레뱅뮤지엄,"37.56608,126.98047",attractions
8749178,평화시장,"37.569603,127.00953",attractions
8769919,한양도성박물관,"37.572594,127.00805",attractions
8790342,용마랜드,"37.59437,127.10529",attractions
8798065,롯데월드 아쿠아리움,"37.509766,127.102684",attractions
8822284,고척스카이돔,"37.49816,126.86721",attractions
8822309,롯데 영플라자 명동점,"37.56363,126.98201",attractions
8842556,롯데월드타워&몰,"37.512596,127.10259",attractions
9569019,원각사지 10층석탑,서울 종로구,attractions
9582584,두타,"37.568806,127.009186",attractions
9582763,그린월,서울 중구 세종대로 110,attractions
9583000,롯데 피트인,"37.565987,127.00741",attractions
9583069,서초관광정보센터,"37.49809,127.02704",attractions
9586394,석조전 대한제국역사관,서울 중구 세종대로 99,attractions
9587015,마포대교,서울 마포구 용강동,attractions
9719010,독도체험관,서울 서대문구 통일로 81,attractions
9736432,BK성형박물관,서울 강남구 도산대로 106,attractions
9755552,신세계 강남점,"37.50492,127.00419",attractions
9796664,,"37.541237,127.06583",attractions
9996891,놀이똥산,"37.57438,126.98503",attractions
9997012,만해 한용운 심우장,서울  29 24,attractions
