class,placeId,score,name_kor,name_eng,location
hotels,10038332,2.5,XYM 부티크 호텔,Boutique Hotel Xym,"37.50938,127.064384"
hotels,10189330,5.0,류게스트하우스,,"37.523125,127.02618"
hotels,10205834,4.445454545454545,티마크 그랜드 호텔 명동,Tmark Grand Hotel Myeongdong,"37.55831,126.97836"
hotels,10205977,4.666666666666667,마중하우스,Majung Haus,"37.5526,126.97573"
hotels,10299463,5.0,Guest House ABOUT,Guest House ABOUT,"37.5628,127.00823"
hotels,10331620,4.966666666666667,호스텔하루,Hostel HARU,"37.56893,126.98434"
hotels,10380258,4.604166666666667,이비스 앰배서더 서울 동대문,,"37.566307,127.00208"
hotels,10399655,4.714285714285714,보눔1957 한옥 스테이 앤 호텔,Bonum 1957 Hanok Stay and Hotel,"37.581764,126.98486"
hotels,10428145,2.5,호텔 소울하다,Hotel Soulhada,"37.49894,127.03245"
hotels,10447640,4.0,모노하우스버젯,Mono House Budget,"37.562973,126.924355"
hotels,10449106,4.4,Stay Hotel Gangnam,Stay Hotel Gangnam,"37.499454,127.03539"
hotels,10483549,4.397849462365591,호텔스카이파크 킹스타운동대문점,Hotel Skypark Kingstown Dongdaemun,"37.56894,127.00771"
hotels,10514149,4.3023255813953485,아만티 호텔 서울,,"37.557198,126.918816"
hotels,10543135,4.823529411764706,게스트하우스 파자마파티,Guesthouse Pajamaparty,"37.56464,126.923744"
hotels,10597697,5.0,정 하우스 홍대,Jeong House Hongdae,"37.558483,126.92813"
hotels,10636497,3.7777777777777777,컴온 게스트하우스 명동,Come On Guesthouse Myeongdong,"37.55967,126.99583"
hotels,10637576,4.194444444444445,시타딘 한리버 서울,Citadines Han River Seoul,"37.540787,126.89071"
hotels,10641837,4.0,아트몬스테이 게스트하우스,Artmonstay Guesthouse,"37.557392,126.98523"
hotels,10692374,4.665271966527197,호텔28 명동,Hotel28 Myeongdong,"37.564274,126.98392"
hotels,10794734,5.0,게스트하우스 수,Guesthouse Soo,"37.579918,126.96798"
hotels,10999937,4.0,코코모 호텔,,"37.502,126.88334"
hotels,1112201,4.2,비원 게스트하우스,Beewon Guest House,"37.57611,126.98986"
hotels,11444263,4.0,칠리게스트하우스,Chilli Guesthouse,"37.556274,126.91902"
hotels,1149130,4.777777777777778,필스테이 명동역점,Philstay Myeongdong Station,"37.561653,126.98541"
hotels,1149165,3.142857142857143,미오 II 디자인 레지던스,Mmmio II Design Residence,"37.565475,126.99161"
hotels,1150903,4.111111111111111,영빈 호텔,Youngbin Hotel,"37.562958,127.00564"
hotels,11626607,4.523809523809524,호텔 엔트라 강남,,"37.524338,127.048325"
hotels,1162688,3.125,레이크 호텔,,"37.506706,127.10095"
hotels,11667433,5.0,브릭스 호텔,,"37.59995,126.920975"
hotels,11704055,5.0,K게스트하우스 동대문5호점,K-Guesthouse Dongdaemun 5,"37.56533,127.00686"
hotels,11725904,4.205882352941177,  강남,Glad Live Gangnam,"37.50825,127.03635"
hotels,11725914,3.5,참 한옥 게스트 하우스,Charm Hanok Guest House,"37.575756,126.989525"
hotels,1174409,4.033333333333333,세림호텔,Saerim Hotel,"37.573475,126.984474"
hotels,1175377,3.0,한강 호텔,Han Kang Hotel,"37.548027,127.10973"
hotels,1175419,3.75,호텔 프린세스,,"37.527367,127.03664"
hotels,11804600,4.634920634920635,에이퍼스트호텔 명동,,"37.56762,126.98096"
hotels,11807873,5.0,소풍 더 어반,,"37.562313,126.92641"
hotels,11832219,5.0,나비호스텔,,"37.557926,126.92483"
hotels,11846421,5.0,서촌 가치 비엔비,Seochon Gachi B&amp;B,"37.579556,126.96612"
hotels,11857609,3.0,24게스트하우스 신촌에비뉴,24 Guesthouse Sinchon Avenue,"37.55789,126.93765"
hotels,1186443,3.7,뉴 코리아 호텔,New Korea Hotel,"37.55827,126.97956"
hotels,11864693,4.0,필스테이 동국대점,Philstay Dongguk Univ.,"37.564465,127.0081"
hotels,11930699,3.5,아트뷰 호텔,Artview Hotel,"37.56293,126.992226"
hotels,11946590,4.8,그리드인호텔,Grid Inn Hotel,"37.5696,126.99133"
hotels,11959021,5.0,아임그린게스트하우스,I&#39;m Green Guesthouse,"37.59227,126.99284"
hotels,1196129,4.4,호스텔 코리아,,"37.575535,127.020515"
hotels,1196458,4.4,리앤노 게스트하우스,,"37.561447,126.92109"
hotels,11964803,5.0,타임트래블러 릴렉스,,"37.56042,126.93024"
hotels,1196533,4.4,바나나 백패커스,,"37.54635,126.97903"
hotels,12019574,3.8333333333333335,호텔도트명동,Hotel Dott Myeongdong,"37.56182,126.987915"
hotels,1202980,4.0,홍대 게스트하우스,,"37.556564,126.92308"
hotels,12033515,3.7142857142857144,호텔더디자이너스 건대점,Hotel The Designers Kondae,"37.558506,127.07653"
hotels,12079226,4.428571428571429,호텔조커,Hotel Joker,"37.526432,126.88393"
hotels,12079886,4.333333333333333,호텔유리앤,Hotel URI&amp;,"37.50894,127.05771"
hotels,12094531,4.444444444444445,도미인 서울 강남,Dormy Inn Seoul Gangnam,"37.505795,127.02938"
hotels,12101833,4.75098814229249,알로프트 서울 명동,Aloft Seoul Myeongdong,"37.56248,126.98169"
hotels,12105731,2.6666666666666665,라마다앙코르서울마곡호텔,,"37.56808,126.82634"
hotels,12133931,3.0,필스테이 명동점,Philstay Myeongdong,"37.564102,126.98537"
hotels,12154415,4.0,호텔 가온 종로,,"37.5705,126.98706"
hotels,12188178,4.125,호텔이노스테이,Hotel Inno Stay,"37.565876,127.05395"
hotels,12193383,1.0,레피하우스,Refee house,"37.523746,127.05243"
hotels,12196120,5.0,집게스트하우스,,"37.547565,126.914925"
hotels,12196520,2.0,나누게스트하우스케이팝,Nanu Guesthouse KPOP,"37.555145,126.91865"
hotels,12221592,4.325581395348837,나인트리 프리미어 호텔 명동2,,"37.564316,126.99087"
hotels,12222316,4.848484848484849,스탠다드 호텔,,"37.551064,126.86344"
hotels,12222795,4.4,K게스트하우스 서울시티점,K-Guesthouse Seoul City,"37.56673,126.99011"
hotels,12231518,3.0,호텔스타프리미어 역삼점,Yeoksam Hotel Star Premier,"37.502842,127.04027"
hotels,12231683,4.0,호텔 루체브릿지,,"37.558964,126.83719"
hotels,12231972,4.5,모스크,MOSC,"37.533035,126.99554"
hotels,12242034,3.5,호텔 GMS,,"37.51732,126.90914"
hotels,12242440,4.2105263157894735,신라스테이 서초,Shilla Stay Seocho,"37.48936,127.03014"
hotels,12244969,3.0,킴스테이 게스트하우스,KimStay,"37.55643,126.93643"
hotels,12251056,4.5,한류 호스텔,Hallyu Hostel,"37.564674,127.00225"
hotels,12257734,4.5,K그랜드호스텔 동대문,K-Grand Hostel Dongdaemun,"37.563023,127.03201"
hotels,12264023,4.8,딜라이트  호텔,,"37.51535,127.1093"
hotels,12264115,4.0,낙원장 호텔,Nagwonjang Hotel,"37.57296,126.98993"
hotels,12273316,3.25,호텔 더 디자이너스 서울역,Hotel The Designers Seoul Station,"37.545483,126.97157"
hotels,12287729,4.691666666666666,G2 호텔,G2 Hotel,"37.56331,126.99033"
hotels,12290061,4.0,로얄스퀘어 호텔,Royal Square Hotel,"37.560467,126.81036"
hotels,12292815,4.0,Hoseong Guesthouse,Hoseong Guesthouse,"37.556355,126.947365"
hotels,1230995,4.454545454545454,호텔아르누보 역삼,,"37.503487,127.04299"
hotels,12310284,4.642857142857143,시그니엘 서울,,"37.512707,127.10255"
hotels,12315022,4.0,호텔렉스빌,Hotel Rexvill,"37.51818,126.910645"
hotels,1236989,3.466666666666667,계림장 게스트하우스,Gyerimjang Guest House,"37.559822,126.985916"
hotels,1236995,4.25,인사동미니호텔,Mini Hotel Insa,"37.575054,126.98546"
hotels,12388243,4.416666666666667,나인브릭호텔,9Brick Hotel,"37.55391,126.920364"
hotels,12430674,4.666666666666667,친구 게스트하우스,Chingu Guesthouse,"37.545494,126.92203"
hotels,12454272,5.0,팝 앳 이태원 게스트하우스,Pop at Itaewon Guesthouse,"37.533623,126.98939"
hotels,12511642,3.1666666666666665,호텔 파크 힐 명동,Hotel Park Hill Myeongdong,"37.55769,126.98165"
hotels,12519557,3.0,아마존게스트하우스,Amazon Guesthouse,"37.532642,126.99304"
hotels,12542874,4.4,호텔 파크하비오,Hotel Parkhabio,"37.481945,127.123474"
hotels,12547367,3.3333333333333335,더리센츠동대문호텔,The Recenz Dongdaemun Hotel,"37.56209,127.06161"
hotels,12550700,4.0,베니키아 프리미어 여의도 호텔,Benikea Premier Yeouido Hotel,"37.51361,126.92151"
hotels,12550987,4.0,디자인호텔 다니엘 캄파넬라,,"37.637356,127.02587"
hotels,12581921,5.0,라비앙호텔,Hotel Lavieen,"37.511154,127.082184"
hotels,12604521,4.0,H 에비뉴 호텔 이대점,H Avenue Hotel Ewha Univ.,"37.556515,126.942764"
hotels,12639491,4.0,이화 호텔,Ehwa Hotel,"37.564144,126.98797"
hotels,12667390,4.0,베스트인 부띠크,Vestin Boutique,"37.56151,126.99212"
hotels,12674038,2.3333333333333335,호텔부티크나인 능동점,Hotel Boutique 9 Neungdong,"37.55672,127.080185"
hotels,12690380,4.842105263157895,그랜드 머큐어 앰배서더 서울 용산,,"37.531742,126.96329"
hotels,12698628,4.666666666666667,이비스 스타일 앰배서더 서울 용산,ibis Styles Ambassador Seoul Yongsan,"37.53173,126.96336"
hotels,12707649,4.473684210526316,노보텔 스위트 앰배서더 서울 용산,Novotel Suites Ambassador Seoul Yongsan,"37.53173,126.96337"
hotels,12707683,4.088888888888889,노보텔 앰배서더 서울 용산,Novotel Ambassador Seoul Yongsan,"37.531742,126.96335"
hotels,12720709,2.0,호텔 A314,A314 Hotel,"37.53785,127.07778"
hotels,12726131,3.0,동대문하우스,,"37.575066,127.027466"
hotels,12730428,4.875,홍대 레이지 폭스 덴 호스텔,Hongdae Lazyfox Den Hostel,"37.553123,126.91537"
hotels,12730569,3.0,피에스 게스트하우스 이태원,P.S. GuestHouse Itaewon,"37.537365,126.988914"
hotels,12730914,3.8,에이치에비뉴 이대점,H Avenue Hotel Shinchon &amp; Idae,"37.55658,126.9424"
hotels,12789877,4.0,필하우스,Fillhouse,"37.57157,127.00762"
hotels,12856116,4.090909090909091,라마다 서울 신도림 호텔,Ramada Seoul Sindorim Hotel,"37.506298,126.88539"
hotels,12940832,5.0,로드 명동,Road Myeongdong,"37.561836,126.99399"
hotels,12951821,5.0,퍼스트스테이호텔,First Stay Hotel,"37.562645,126.97723"
hotels,12956021,4.666666666666667,더스테이트선유호텔,The State Sunyu Hotel,"37.538372,126.89317"
hotels,13009660,5.0,코멧 게스트하우스,Comet Guesthouse,"37.532303,126.972916"
hotels,1310694,3.32,호텔 아카시아,Benikea Hotel Acacia,"37.566372,127.0026"
hotels,13131314,5.0,Hi Jun Guesthouse,Hi Jun Guesthouse,"37.56457,126.92493"
hotels,13166512,3.5,갤럭시호텔,Galaxy Hotel,"37.526222,126.90887"
hotels,13283029,4.875,글래드 강남 코엑스 센터,GLAD Gangnam COEX Center,"37.50899,127.064445"
hotels,13293144,4.75,호텔 토마스 명동,Hotel Thomas Myeongdong,"37.563477,126.978294"
hotels,13319648,4.363636363636363,L7강남,L7 Gangnam,"37.505558,127.05184"
hotels,13361835,4.714285714285714,부띠끄호텔 Young Inn,Boutique Hotel Young Inn,"37.55627,126.99372"
hotels,13369640,3.8225806451612905,사보이호텔,Savoy Hotel,"37.56195,126.9844"
hotels,13392050,4.5,ENA스위트호텔,ENA Suite Hotel Namdaemun Seoul,"37.562298,126.97388"
hotels,13394600,3.0,호텔해담채가산,Hotel Haedamchae Gasan,"37.479767,126.88837"
hotels,13397346,3.4,호텔더디자이너스 디디피,Hotel The Designers DDP,"37.563778,127.004265"
hotels,13401342,2.5,루미아호텔2,Lumia Hotel 2,"37.57383,127.02217"
hotels,13402121,4.0,에이치에비뉴 호텔 건대점,H Avenue Hotel Kondae,"37.546524,127.06665"
hotels,13414457,3.9245283018867925,노블호텔,Noble Hotel,"37.576874,126.989456"
hotels,13426084,4.411764705882353,L7홍대,L7 Hongdae,"37.555782,126.92142"
hotels,13781380,4.5,포포인츠 바이 쉐라톤 서울 강남,,"37.520008,127.0283"
hotels,13819581,4.943661971830986,글래드 마포,Glad Mapo,"37.543037,126.95146"
hotels,13846825,4.428571428571429,코트야드 서울 보타닉 파크,Courtyard Seoul Botanic Park,"37.56705,126.82945"
hotels,1392824,4.024390243902439,힐 하우스 호텔,Hotel Hill House,"37.556946,126.98192"
hotels,13965841,3.857142857142857,페어필드 바이 메리어트 서울호텔,Fairfield by Marriott Seoul,"37.51696,126.90914"
hotels,13984475,1.0,플렉스홈,FlexHome Guest House,"37.553093,126.90547"
hotels,14159708,5.0,지브로 S 게스트하우스,Zibro S Guesthouse,"37.54818,126.92388"
hotels,14159727,4.5,노보텔 앰배서더 서울 동대문 호텔,,"37.56616,127.00426"
hotels,14199590,4.0,호텔쿠레타케소 인사동,Hotel Kuretakeso Insadong,"37.572357,126.98717"
hotels,1462081,4.0,베니키아호텔 플라워,Benikea Hotel Flower,"37.58478,127.05065"
hotels,1462343,4.05,메이트 호텔 서울,Mate Hotel Seoul,"37.52993,126.84094"
hotels,1465296,4.476454293628809,롯데 시티 호텔 마포,Lotte City Hotel Mapo,"37.544697,126.950714"
hotels,1467802,3.357142857142857,아모렉스 호텔,Amourex Hotel,"37.563698,127.03532"
hotels,14789575,4.0,수송 게스트 하우스,Soo Song Guest House,"37.573017,126.981155"
hotels,1499077,3.764705882352941,호텔 대우인,Hotel Daewoo Inn,"37.56286,126.97801"
hotels,1535250,3.975,토요코 인 서울 동대문,Toyoko Inn Seoul Dongdaemun,"37.564495,127.00914"
hotels,1557869,4.371428571428571,코트야드 메리어트 서울 타임스퀘어,Courtyard by Marriott Seoul Times Square,"37.517864,126.90402"
hotels,1569561,3.8,시티 파크 호텔,,"37.576466,126.98982"
hotels,1575192,3.6,그레이프 가든 하우스,,"37.554188,126.92647"
hotels,1625995,4.418181818181818,봉 하우스,Bong House,"37.584225,126.99701"
hotels,1626230,4.4,백패커스 인사이드,,"37.584476,126.99776"
hotels,1640728,4.630872483221476,더 클래식 500 이그제큐티브 레지던스 펜타즈,The Classic 500 Executive Residence Pentaz,"37.538776,127.07108"
hotels,1643621,3.7142857142857144,강남 아르누보 씨티 II,,"37.49342,127.02796"
hotels,1644474,4.333333333333333,굿스테이 피터캣 호텔 인사동,Goodstay Petercat Hotel Insadong,"37.574947,126.98942"
hotels,1653156,4.084677419354839,임피리얼 팰리스 부티크 호텔,Imperial Palace Boutique Hotel,"37.53517,126.99839"
hotels,1657213,3.5555555555555554,호텔 마레,Hotel Mare,"37.56354,127.057625"
hotels,1718120,4.4,M. 비즈 호텔,,"37.507664,127.055244"
hotels,1741199,3.064516129032258,고궁 호텔,Gogung Hotel,"37.575375,126.997284"
hotels,1745679,3.0,행복한 눈물 호텔,Amfree Hotel,"37.56949,127.0697"
hotels,1745681,3.4,아미가 모텔,,"37.572754,126.99943"
hotels,1745757,3.0,갤러리아 호텔,,"37.495945,126.84566"
hotels,1745764,3.7333333333333334,호텔 트리아,Tria Hotel,"37.503063,127.03958"
hotels,1745768,4.4,상주호텔,,"37.510017,127.08054"
hotels,1745779,4.6,세화 호스텔,,"37.574715,126.99028"
hotels,1749320,2.6,노블레스 관광 호텔,,"37.65513,127.05934"
hotels,1754759,4.375,모텔B,Motel B,"37.56771,126.969086"
hotels,1815319,3.4545454545454546,준희빈 호텔,Boutique Hotel Juni Bin,"37.548344,126.91118"
hotels,1887763,3.25,호텔 비즈 종로 인사동,,"37.573334,126.9884"
hotels,1903752,4.880794701986755,컴인 게스트하우스,Come Inn Guesthouse,"37.552704,126.92292"
hotels,1905601,4.125,호텔 스카이파크 명동 I,,"37.561417,126.9842"
hotels,1987696,4.70873786407767,베스트 웨스턴 프리미어 구로 호텔,,"37.483154,126.89897"
hotels,1996081,4.5,김치 홍대 게스트하우스,,"37.558956,126.919876"
hotels,2054116,4.0,호텔야자 종로점,,"37.57288,126.98892"
hotels,2100902,4.2368421052631575,라까사호텔,Hotel La Casa,"37.52219,127.01927"
hotels,2103201,4.776315789473684,스튜디오 41st,Studio 41st,"37.561543,126.921684"
hotels,2150227,1.0,오슬로호텔,Oslo Hotel,"37.48608,127.0129"
hotels,2150290,4.090909090909091,히트 호텔,Hit Hotel,"37.511242,127.0797"
hotels,2150334,3.5,호텔 톰지,Hotel Tomgi,"37.500626,127.0391"
hotels,2150439,4.0,호텔 스토리,Hotel Story,"37.58203,127.02106"
hotels,2150692,4.117647058823529,녹스 호텔,Nox Hotel,"37.502586,127.03969"
hotels,2151168,3.5384615384615383,라마다 서울 동대문,Ramada Seoul Dongdaemun,"37.56586,127.002525"
hotels,2153731,3.8,윤게스트하우스,Yun Guest House,"37.558086,126.98469"
hotels,2159977,4.497572815533981,쉐라톤 서울 디큐브 시티 호텔,Sheraton Seoul D Cube City Hotel,"37.509,126.88978"
hotels,2179387,3.8,나나 레지던스,,"37.5618,126.98797"
hotels,2179397,4.0,마마 게스트하우스 명동,Mama Guesthouse Myeongdong,"37.558475,126.98837"
hotels,2202393,3.7142857142857144,호텔 아드리게,Hotel Adlige,"37.500793,127.038895"
hotels,2202395,3.978723404255319,호텔 스카이파크 명동 II,Hotel Skypark Myeongdong II,"37.564716,126.98482"
hotels,2202400,4.090909090909091,호텔 스카이파크 명동 III,Hotel Skypark Myeongdong III,"37.561356,126.987236"
hotels,2210698,3.3636363636363638,호텔 코지 명동,Hotel Cozy Myoungdong,"37.560642,126.97938"
hotels,2212705,4.391304347826087,두 게스트하우스 북촌 1,Doo guesthouse Bukchon,"37.579468,126.98647"
hotels,2226404,2.5,H2O 게스트하우스,H2O Guesthouse,"37.566883,126.994995"
hotels,2233911,4.377777777777778,호텔 아르누보 서초,,"37.496033,127.02087"
hotels,2258766,3.9166666666666665,대한장 모텔,Daehanjang Motel,"37.560787,126.99509"
hotels,2293670,2.0,리즈 호텔,Liz Hotel,"37.49228,127.01347"
hotels,2301772,2.5277777777777777,리버사이드 호텔 서울,The Riverside Hotel Seoul,"37.518574,127.01814"
hotels,2303934,4.6,자자 백팩커스 호스텔,Zaza Backpackers Hostel,"37.558784,126.9864"
hotels,2314093,3.526315789473684,뉴월드호텔,Hotel New World,"37.544285,126.97345"
hotels,2314103,4.0,밀라노 모텔,Milano Motel,"37.56427,127.03621"
hotels,2337202,4.157894736842105,호텔 아마레,Hotel Amare,"37.57149,126.9897"
hotels,2337371,3.5,비브클래식호텔,Hotel VIV Classic,"37.568287,127.06923"
hotels,2367780,3.25,호텔 아이린 시티,Hotel Irene City,"37.5621,126.97806"
hotels,2393710,3.9315068493150687,스탠포드 호텔 서울,Stanford Hotel Seoul,"37.581818,126.88676"
hotels,2415959,2.6666666666666665,벤허모텔,Motel Benhur,"37.57177,127.000305"
hotels,2457276,3.6,굿스테이 피터캣호텔 홍대,,"37.553665,126.93586"
hotels,2471997,4.392857142857143,대림 레지던스,Daelim Residence,"37.498734,126.88258"
hotels,2472017,5.0,비하우스,,"37.56263,126.92355"
hotels,2508404,4.7482993197278915,롯데 시티 호텔 김포공항,,"37.564026,126.80233"
hotels,2537406,3.7,충무로 레지던스 호텔,Chungmuro Residence &amp; Hotel,"37.562542,126.99938"
hotels,2537451,3.0,투비인호텔,Two Be In Hotel,"37.53756,127.13866"
hotels,2537498,3.5,더 뷰 호텔,,"37.516174,127.11156"
hotels,2537527,3.4545454545454546,렉스 관광 호텔,LEX Tourist Hotel,"37.514362,127.020454"
hotels,2539264,4.35,문 게스트하우스,Moon Guesthouse,"37.576065,126.98851"
hotels,2539382,3.0,초콜릿호텔,,"37.497192,127.02918"
hotels,2539454,4.0,캘리포니아 호텔 서울 서초,,"37.485107,127.01464"
hotels,2635666,3.8,호텔 GS,,"37.56909,126.99207"
hotels,2641870,4.0625,보그 호텔,Vogue Hotel,"37.55311,126.93594"
hotels,2641878,4.5,신촌 Y,Shinchon Y,"37.5534,126.936165"
hotels,2642164,3.0,리베라 모텔,Riviera Motel,"37.553642,126.93644"
hotels,2642177,3.5714285714285716,호텔 스타,Hotel Star,"37.499535,127.03545"
hotels,2642183,3.5,앳눈 호텔,,"37.553864,126.935974"
hotels,2642273,2.0,아나 호텔,,"37.501152,127.04054"
hotels,2658455,4.8,초콜렛 트리,,"37.55336,126.9352"
hotels,2658471,4.6,달콤 게스트하우스,,"37.56348,126.99671"
hotels,2662475,3.857142857142857,팝 호텔 1,Pop Hotel 1,"37.570946,126.98995"
hotels,299152,3.9859154929577465,베스트웨스턴프리미어서울가든호텔,Best Western Premier Seoul Garden Hotel,"37.540817,126.94821"
hotels,299154,4.366666666666666,인터컨티넨탈 서울 코엑스,InterContinental Seoul COEX,"37.513355,127.057365"
hotels,299502,3.621212121212121,뉴서울 호텔,New Seoul Hotel,"37.56792,126.97804"
hotels,299504,3.1052631578947367,호텔 비젼,Hotel Vision,"37.564575,127.03632"
hotels,299505,2.769230769230769,호텔 동대문,Hotel Dongdaemun,"37.57092,127.01015"
hotels,299533,4.205970149253731,이비스 스타일 앰배서더 서울 강남,ibis styles Ambassador Seoul Gangnam,"37.505074,127.05708"
hotels,299536,4.265486725663717,노보텔 앰배서더 서울 강남 호텔,Novotel Ambassador Seoul Gangnam,"37.505363,127.02844"
hotels,299537,4.288288288288288,그랜드 앰배서더 서울 어소시에이티드 풀만 호텔,,"37.560192,127.00236"
hotels,299538,4.404109589041096,노보텔 앰배서더 독산,Novotel Ambassador Seoul Doksan,"37.46746,126.898"
hotels,301253,4.510588235294118,서울신라호텔,The Shilla Seoul,"37.556087,127.00512"
hotels,301605,4.725609756097561,오크우드 프리미어 코엑스 센터,,"37.51089,127.05813"
hotels,301815,4.501168224299065,서울 웨스틴 조선 호텔,The Westin Chosun Seoul,"37.56446,126.9798"
hotels,301817,4.3164556962025316,그랜드 워커힐 서울,Grand Walkerhill Seoul,"37.555775,127.11091"
hotels,302237,4.442622950819672,르 메르디앙 서울,Le Meridien Seoul,"37.505142,127.02739"
hotels,306105,4.512096774193548,임피리얼 팰리스 서울,,"37.514023,127.03588"
hotels,306113,4.263736263736264,오라카이 인사동 스위츠,Orakai Insadong Suites,"37.57327,126.98718"
hotels,306114,3.8297872340425534,그랜드 힐튼 서울,Grand Hilton Seoul,"37.59,126.934746"
hotels,306115,3.9479166666666665,그랜드 하얏트 서울,,"37.540142,126.997154"
hotels,306118,4.335664335664336,그랜드 인터컨티넨탈 서울 파르나스,Grand InterContinental Seoul Parnas,"37.508766,127.06103"
hotels,306123,3.533333333333333,인사동 크라운호텔,Insadong Crown Hotel,"37.573742,126.98795"
hotels,306125,2.9285714285714284,크라운 호텔 이태원,Crown Hotel Itaewon,"37.531387,126.99058"
hotels,306126,4.620689655172414,호텔 피제이 명동,,"37.56476,126.99569"
hotels,306127,3.9814814814814814,코리아나 호텔,Koreana Hotel,"37.568016,126.97659"
hotels,306128,4.774480712166172,롯데 호텔 월드,,"37.51177,127.1003"
hotels,306130,4.613360323886639,롯데 호텔 서울,Lotte Hotel Seoul,"37.56577,126.98074"
hotels,306132,4.3061224489795915,밀레니엄 서울 힐튼,,"37.55531,126.97582"
hotels,306136,3.6341463414634148,호텔 프레지던트,Hotel President,"37.565567,126.9794"
hotels,306139,4.510416666666667,더 플라자,,"37.56463,126.978065"
hotels,306145,4.622641509433962,로얄 호텔 서울,,"37.564217,126.98564"
hotels,306168,3.6341463414634148,호텔 리베라,Hotel Riviera,"37.523968,127.05478"
hotels,307024,3.4444444444444446,게스트하우스 코리아,Guesthouse Korea,"37.576668,126.99103"
hotels,307032,3.638888888888889,서울 백팩커스,Seoul Backpackers,"37.557167,126.97717"
hotels,307040,4.067226890756302,켄싱턴 호텔 여의도,Kensington Hotel Yoido,"37.53051,126.92216"
hotels,307042,3.727272727272727,서울 YMCA 관광호텔,Seoul YMCA Tourist Hotel,"37.570198,126.98536"
hotels,308007,3.810344827586207,세종 호텔,Sejong Hotel,"37.561127,126.98807"
hotels,309826,3.4820143884892087,해밀톤 호텔,Hamilton Hotel Seoul,"37.534782,126.993996"
hotels,3136705,4.346938775510204,에어호스텔 서울,Air Hostel Seoul,"37.571625,127.00347"
hotels,3154945,3.2,뉴 힐탑 호텔,New Hilltop Hotel,"37.51125,127.03197"
hotels,3154953,4.093425605536332,머큐어 서울 앰배서더 강남 쏘도베,Mercure Seoul Ambassador Gangnam Sodowe,"37.5015,127.03552"
hotels,3161529,4.5,해피 가든 게스트하우스,,"37.55804,126.98586"
hotels,3164518,3.8,제이비스 호텔,,"37.50515,127.05283"
hotels,3164521,4.678571428571429,남현당 게스트하우스,Namhyundang Guesthouse,"37.5738,126.98539"
hotels,3189967,4.7,DH 네상스 호텔,DH Naissance Hotel,"37.592617,127.01854"
hotels,3191662,4.3,에이블 호스텔 동대문,Able Hostel in Dongdaemun,"37.565037,127.00527"
hotels,3197505,4.75,해밀 한옥 게스트하우스,,"37.57661,126.99132"
hotels,3218799,2.7857142857142856,엘름 트리 게스트하우스,Elm Tree Guest House,"37.5615,126.97852"
hotels,323987,4.326388888888889,호텔 프린스 서울,Prince Hotel Seoul,"37.560825,126.98641"
hotels,3249513,4.5,명동 에코 게스트하우스,,"37.560448,126.98659"
hotels,3295599,4.521739130434782,곳,The Place Seoul,"37.579655,126.987366"
hotels,3326049,4.4,취운정,Chiwoonjung,"37.583202,126.9835"
hotels,3346189,3.8823529411764706,케이팝 레지던스 명동 1,K-POP Residence Myeongdong 1,"37.563442,126.98522"
hotels,3356431,4.222222222222222,블루밍 서비스드 레지던스 호텔,Blooming Serviced Residence Hotel,"37.500706,127.03883"
hotels,3356500,5.0,베스틴 레지던스 명동,,"37.56038,126.98712"
hotels,3358977,4.4,케이팝 게스트하우스 서울역,,"37.553226,126.97458"
hotels,3368813,3.8,호텔 첼로,Hotel Cello,"37.486168,127.0135"
hotels,3368857,3.6,게스트하우스 명동,,"37.56113,126.9876"
hotels,3369164,3.727272727272727,마루 게스트하우스,Guesthouse The Maru,"37.54976,126.96921"
hotels,3369181,4.0,호텔 더 디자이너스 삼성,,"37.507282,127.05543"
hotels,3370845,4.666666666666667,크립 49 게스트하우스,Crib 49 Guesthouse,"37.55708,126.98565"
hotels,3370998,4.0,블레싱 인 서울,Blessing In Seoul,"37.58672,127.05214"
hotels,3389037,4.108108108108108,아벤트리 호텔 종로,Hotel Aventree Jongno,"37.573086,126.98317"
hotels,3389245,3.6818181818181817,서울 53 호텔,Seoul 53 Hotel,"37.575,126.98944"
hotels,3477056,3.3333333333333335,코스테이,,"37.531998,126.8606"
hotels,3477065,4.4,서울앤호텔 동대문,Seoul N Hotel Dongdaemun,"37.573444,127.02077"
hotels,3477071,3.723076923076923,엔포시즌,N Fourseason,"37.557014,126.97975"
hotels,3477077,4.666666666666667,엔조이 서울,NJoy Seoul,"37.556686,126.923"
hotels,3477083,4.111940298507463,호텔 스카이파크 센트럴 명동,Hotel Skypark Central Myeongdong,"37.564648,126.98524"
hotels,3477158,4.199233716475096,콘래드 서울,,"37.525414,126.92662"
hotels,3477194,4.4,케이팝 레지던스 명동 2,,"37.56289,126.9856"
hotels,3479249,4.5,이태원 백팩커스,,"37.534,126.99994"
hotels,3497931,5.0,ICOS 게스트하우스,,"37.554768,126.9385"
hotels,3531770,4.904761904761905,유기농 게스트하우스,Yooginong Guesthouse,"37.553043,126.90741"
hotels,3540785,4.742857142857143,비 마이 게스트하우스,B My Guesthouse,"37.5586,126.983894"
hotels,3568790,4.166666666666667,오렌지 게스트하우스,Orange Guesthouse,"37.554794,126.91895"
hotels,3568908,4.666666666666667,고운당,Go Woon Dang,"37.578903,126.97275"
hotels,3571247,4.85,라온 게스트하우스,,"37.57755,126.981155"
hotels,3571251,3.2,클릭 호텔,,"37.56192,126.9884"
hotels,3571309,4.0,루이 호텔,,"37.556335,126.9382"
hotels,3575113,4.5,모텔 제로,Motel Zero,"37.57456,126.99685"
hotels,3575356,4.447761194029851,센터마크 호텔,,"37.572346,126.98434"
hotels,3575583,4.142857142857143,서울 로프트 아파트먼트 ,Seoul Loft Apartments,"37.576424,126.99727"
hotels,3581563,4.846153846153846,코지 게스트하우스,Cozzzy Guesthouse,"37.558395,126.91867"
hotels,3595039,4.52,애플 백패커스 게스트하우스,Apple Backpackers Guesthouse,"37.57354,126.99102"
hotels,3595040,3.9215686274509802,스타즈 호텔 명동 1호점,Staz Hotel Myeongdong 1,"37.56695,126.991425"
hotels,3595091,4.8,북촌 마루 한옥 게스트하우스,,"37.58311,126.98742"
hotels,3612247,4.0,다비드호텔,,"37.511047,127.07926"
hotels,3616590,4.0,모나이 게스트하우스,,"37.5365,126.89894"
hotels,3618263,4.0,휴가 하우스 호스텔,Huga Haus Hostel,"37.591137,127.04187"
hotels,3618299,3.6666666666666665,야코리아 호스텔 이태원,,"37.53437,126.97491"
hotels,3618306,4.262910798122066,호텔 마누,Hotel Manu,"37.557076,126.97487"
hotels,3618350,4.125,E-레지던스,E-Residence,"37.513638,127.02103"
hotels,3656150,4.285714285714286,나인트리 호텔 명동,Nine Tree Hotel Myeong-dong,"37.561623,126.98592"
hotels,3656188,4.0,몽 모텔,Mong Motel,"37.639526,127.02658"
hotels,3661945,3.5,에스피@이태원 게스트하우스,SP@Itaewon Guesthouse,"37.53545,126.99245"
hotels,3682080,3.0,아리 하우스 명동,,"37.56029,126.98683"
hotels,3723601,4.0,호텔 아이콘,,"37.574944,126.98893"
hotels,3723670,5.0,펜슬 게스트하우스,,"37.560036,126.92548"
hotels,3813528,4.6,DW 디자인 레지던스,,"37.558285,126.9207"
hotels,3813530,3.8666666666666667,GV레지던스,GV Residence,"37.53466,126.99067"
hotels,3813590,4.0,ZIP 호텔,,"37.479477,126.95297"
hotels,3813616,3.3333333333333335,메리골드 호텔,,"37.55356,126.91949"
hotels,3813667,5.0,로이하우스,,"37.563065,126.92398"
hotels,3814456,5.0,더스틴 게스트하우스,,"37.55553,126.923836"
hotels,3814459,4.0,게스트하우스 명동 2,Guest House Myeongdong 2,"37.560444,126.99076"
hotels,3814736,5.0,아지트 게스트하우스,,"37.55367,127.01064"
hotels,3850464,4.666666666666667,이슈 서울 게스트 하우스,Issue Seoul guest house,"37.55472,126.91421"
hotels,3855729,4.473684210526316,옐로우 브릭 종로 호스텔,Yellow Brick Jongno Hostel,"37.574627,126.98959"
hotels,4006151,4.285714285714286,코스테이 숙대점,Korstay Sookmyung Women&#39;s Univ.,"37.546104,126.97249"
hotels,4052408,4.615384615384615,한옥 게스트하우스 201,Hanok Guesthouse 201,"37.580395,126.98542"
hotels,4055360,4.0,미오 하우스,Mmmio House,"37.569824,127.00301"
hotels,4071465,4.638655462184874,더 그랜드 호텔 명동,The Grand Hotel Myeongdong,"37.56171,126.98718"
hotels,4084323,4.333333333333333,공심가 게스트하우스,,"37.57786,126.9808"
hotels,4134726,4.321981424148607,이비스 앰배서더 서울 인사동,Ibis Ambassador Seoul Insadong,"37.57437,126.98944"
hotels,4134729,3.75,루크홈 명동,Lookhome Myeongdong,"37.55833,126.98578"
hotels,4134785,4.315789473684211,SS 게스트하우스 서울역,SS Guest House Seoul Station,"37.551495,126.96891"
hotels,4134798,4.75,미스터 콤마 게스트하우스,,"37.558964,126.92018"
hotels,4134800,3.185185185185185,호텔 더 디자이너스 홍대,Hotel The Designers Hongdae,"37.551956,126.91764"
hotels,4134801,3.0,비젼 게스트하우스,Vision Guesthouse,"37.509136,127.08513"
hotels,4134983,4.0,호텔 디바,Diva Hotel,"37.567993,127.06934"
hotels,4135103,4.3478260869565215,파로스 관광 호텔,Pharos Tourist Hotel,"37.511124,127.08135"
hotels,4135265,3.6,베니키아 호텔 KP,Benikea Hotel KP,"37.589397,127.056755"
hotels,4135823,3.5,국제 명동 하우스,Kukje Myeongdong House,"37.559357,126.98865"
hotels,4136289,4.833333333333333,유 게스트 하우스 - 홍대,"U Guesthouse in Hongdae, Seoul","37.549534,126.92065"
hotels,4136389,4.571428571428571,포춘호스텔,Fortune Hostel,"37.574547,126.98964"
hotels,4137679,5.0,마인드 호텔,Mind Hotel,"37.47881,126.89095"
hotels,4170932,4.6,두리 게스트하우스,Duri Guest House,"37.591625,127.03713"
hotels,4193521,4.571428571428571,SH 서울 홍대,SH Seoul Hongdae,"37.557743,126.92435"
hotels,4235369,4.181818181818182,신신 호텔,,"37.562332,126.97904"
hotels,4344692,3.0,베니키아 Home the M 호텔,,"37.563824,126.91317"
hotels,4354707,3.883116883116883,호텔 아로파 남대문,Hotel Aropa Namdaemun,"37.563198,126.97808"
hotels,4412261,4.346153846153846,호스텔 코리아 11th - 창덕궁,Hostel Korea 11th - Changdeokgung,"37.57624,126.99032"
hotels,4412263,4.337979094076655,프레이저 플레이스 남대문 서울,Fraser Place Namdaemun Seoul,"37.56134,126.97631"
hotels,4462683,3.375,김치 신촌 게스트하우스,Kimchee Sinchon Guesthouse,"37.558224,126.92935"
hotels,446846,3.2803030303030303,라마다 서울 호텔,Ramada Seoul,"37.51066,127.04507"
hotels,447944,4.3,삼정 호텔,,"37.505768,127.031296"
hotels,447945,3.466666666666667,여의도 호텔,Yoido Hotel,"37.530167,126.925385"
hotels,4504699,5.0,이랑 한옥스테이,Irang Hanok Stay,"37.581318,126.98898"
hotels,4507857,3.4,케이스타하우스,Kstar House,"37.558083,126.96907"
hotels,455446,3.8857142857142857,쉐라톤 서울 팔래스 강남 호텔,Sheraton Seoul Palace Gangnam Hotel,"37.500893,127.00167"
hotels,455538,3.7432432432432434,을지로 코업레지던스,Euljiro CO-OP Residence,"37.56645,127.00553"
hotels,455856,4.599022004889975,메트로 호텔,Metro Hotel,"37.565098,126.98372"
hotels,455862,2.25,동서울 호텔,Hotel Dong Seoul,"37.53422,127.09186"
hotels,455973,4.055555555555555,뉴국제호텔,New Kukje Hotel,"37.567802,126.97771"
hotels,456115,3.5384615384615383,호텔 프리마 서울,Hotel Prima Seoul,"37.524548,127.052124"
hotels,4608574,3.5,JJ 레지던스,JJ Residence,"37.55678,126.97852"
hotels,4712309,5.0,부엉이 게스트하우스,,"37.5755,127.020164"
hotels,4777343,4.842105263157895,신디&#39;s B&amp;B,Cindy&#39;s B&amp;B,"37.59602,126.96506"
hotels,477908,3.9827586206896552,코아텔 쉐르빌,Coatel Chereville,"37.493923,127.0279"
hotels,4783677,4.5,인사동 호스텔,Insadong Hostel,"37.57492,126.98463"
hotels,4884030,4.333333333333333,문스호스텔,Moon&#39;s Hostel,"37.560627,126.99118"
hotels,4913610,4.2105263157894735,시어소 호텔,Sieoso Hotel,"37.5657,126.991264"
hotels,500996,4.789189189189189,비스타 워커힐 서울,Vista Walkerhill Seoul,"37.555218,127.11091"
hotels,505891,4.695652173913044,라이즈 오토그래프 컬렉션,"RYSE, Autograph Collection","37.554543,126.921165"
hotels,506101,3.8846153846153846,선샤인 호텔,Hotel Sunshine,"37.520542,127.02875"
hotels,506110,4.333333333333333,호텔 썬비,,"37.572872,126.98486"
hotels,506121,4.833333333333333,뉴 오리엔탈 호텔,,"37.56029,126.98351"
hotels,5113510,4.402298850574713,JW 메리어트 동대문 스퀘어 서울,,"37.570164,127.00882"
hotels,518444,3.923076923076923,베스트 웨스턴 프리미어 강남,,"37.50634,127.02978"
hotels,5250436,4.136,써미트 호텔,The Summit Hotel Seoul Dongdaemun,"37.562283,127.00664"
hotels,5252365,4.181818181818182,호텔 팩토리,Hotel Factory,"37.572067,126.98818"
hotels,5287499,4.090909090909091,뉴 썬 게스트하우스 명동,New Sun Guesthouse Myeongdong,"37.558018,126.98113"
hotels,536020,3.6,호텔 M,,"37.529613,126.91963"
hotels,5460911,4.300699300699301,티마크 호텔 명동,Tmark Hotel Myeongdong,"37.562622,126.99267"
hotels,5484623,4.25,머뭄 게스트하우스,MuMum Guesthouse,"37.580074,126.98726"
hotels,5540457,4.1558441558441555,호텔 아트리움,Hotel Atrium Jongno,"37.571712,126.99799"
hotels,555275,4.4567627494456765,파크 하얏트 서울,Park Hyatt Seoul,"37.508526,127.06414"
hotels,558398,3.5,나이아가라 호텔,,"37.549248,126.87861"
hotels,569419,3.8727272727272726,강남 패밀리 호텔,Gangnam Family Hotel,"37.506218,127.03044"
hotels,582965,3.7241379310344827,프로비스타 호텔,Provista Hotel,"37.495113,127.01854"
hotels,582967,4.170731707317073,임스 하우스,Yim&#39;s House,"37.576378,126.99092"
hotels,587051,3.75,명동 게스트하우스,Myeongdong Guest House,"37.560383,126.9872"
hotels,5895849,3.272727272727273,코업 시티 호텔 BMK,Coop City Hotel BMK,"37.495804,126.84492"
hotels,5895977,5.0,이가 정원,Lee&#39;s Garden,"37.55905,126.98653"
hotels,5895989,3.4285714285714284,24게스트하우스 인사동,24Guesthouse Insadong,"37.56923,126.98715"
hotels,5896602,4.5,제로미네 게스트하우스,Xeromine Guesthouse,"37.535477,126.99216"
hotels,5897152,4.444444444444445,서울 글로벌 호스텔,Seoul Global Hostel,"37.558334,126.98508"
hotels,5963221,3.9722222222222223,골든서울 호텔,Golden Seoul Hotel,"37.547832,126.87813"
hotels,5970253,3.0,호텔파밀리아인,Hotel Familia Inn,"37.571964,127.01343"
hotels,598299,3.8135593220338984,호텔 아트리움 바비엥2,Hotel Atrium Vabien II,"37.565212,126.96767"
hotels,602902,3.9310344827586206,웨스턴 코업호텔&amp;레지던스,Western CO-OP Hotel &amp; Residence,"37.566414,127.003296"
hotels,6034361,5.0,유자 게스트하우스,UJA Guesthouse,"37.550358,126.91797"
hotels,607480,4.6,서울 레지던스,,"37.503464,127.04779"
hotels,6104497,4.0,스테이 강남,,"37.517773,127.01835"
hotels,611304,4.220024721878863,이비스 앰배서더 서울 명동,Ibis Ambassador Seoul Myeongdong,"37.56419,126.98259"
hotels,6160747,4.375,네오 서울 게스트하우스,Neo Seoul Guesthouse,"37.554607,126.91818"
hotels,619065,3.533333333333333,현대레지던스,Hyundai Residence,"37.563717,127.00051"
hotels,622211,4.261224489795918,프레이저 플레이스 센트럴 서울,Fraser Place Central Seoul,"37.56238,126.96911"
hotels,6225109,4.8,아이하우스 친친,,"37.564053,126.918564"
hotels,6225290,3.2,리안 호텔,,"37.568943,126.99096"
hotels,6225403,4.25,24게스트하우스 종로타워점,24 Guesthouse Jongno Tower,"37.571663,127.00008"
hotels,6226170,4.142857142857143,문 호스텔,Moon Hostel,"37.560497,126.92485"
hotels,623402,4.0,남산게스트하우스 2,,"37.559105,126.984955"
hotels,6352655,5.0,궁 게스트하우스,Gung Guest House,"37.574352,126.99138"
hotels,6378634,4.0,24게스트하우스 가로수길점,24guesthouse Garosu-gil,"37.520267,127.02263"
hotels,6378733,5.0,이코노미 호텔 은평점,,"37.5879,126.91627"
hotels,6402630,4.5,호텔 아띠 충무로,,"37.560646,126.997185"
hotels,6402635,4.085106382978723,Ever8 서비스 레지던스,,"37.557434,126.94254"
hotels,6476325,4.333333333333333,필름 37.2 호텔,Film 37.2 Hotel,"37.51644,127.1128"
hotels,6476794,3.6,미소 게스트하우스,Miso Guesthouse,"37.55763,126.927315"
hotels,6476847,4.5,호텔 미도,Hotel Mido,"37.558754,126.98062"
hotels,6476900,4.324324324324325,호텔 로프트,Hotel Loft,"37.534977,126.89885"
hotels,6476902,4.833333333333333,24게스트하우스 강남 센터점,24guesthouse Gangnam Center,"37.50399,127.0335"
hotels,6476903,3.7142857142857144,24게스트하우스 명동 에비뉴,24guesthouse Myeongdong Avenue,"37.561317,126.97766"
hotels,6483063,3.7,클로이 게스트하우스,Chloe Guest House,"37.51712,127.01968"
hotels,650959,3.9928057553956835,베스트 웨스턴 프리미어 호텔 국도,Best Western Premier Hotel Kukdo,"37.566376,126.99638"
hotels,6535744,3.272727272727273,호텔 더 디자이너스 종로,Hotel The Designers Jongno,"37.56915,126.988846"
hotels,6552893,4.6,오빠 호스텔,Oppa Hostel,"37.557648,126.94359"
hotels,6552915,4.2105263157894735,호텔 카라쉬,Hotel Karashy,"37.47709,126.98041"
hotels,6556403,4.244186046511628,데이즈 호텔 명동,Days Hotel Myeongdong,"37.560772,126.98369"
hotels,6591787,3.96,김치 다운타운 게스트하우스,Kimchee Downtown Guesthouse,"37.560814,126.96514"
hotels,6591870,4.318181818181818,남산 힐 호텔,Namsan Hill Hotel,"37.556736,126.982506"
hotels,659341,4.68,여의도파크센터 서울 - 메리어트 이그제큐티브 아파트먼트,,"37.521133,126.91877"
hotels,661056,3.3555555555555556,더케이호텔서울,The-K Hotel Seoul,"37.466606,127.03297"
hotels,6622669,4.8108108108108105,G 이태원 게스트하우스,G Itaewon Guest House,"37.533184,126.99495"
hotels,6622670,3.769230769230769,원즈빌 명동,Won&#39;s Ville Myeong-dong,"37.560665,126.98972"
hotels,6663003,4.708542713567839,롯데 시티 호텔 구로,Lotte City Hotels Guro,"37.485394,126.89638"
hotels,6680392,2.8181818181818183,호텔 더 디자이너스 여의도,Hotel The Designers Yeouido,"37.528248,126.92008"
hotels,673519,3.076923076923077,프라임 인 서울 호텔,Prime in Seoul Hotel,"37.616886,126.92383"
hotels,673725,3.8666666666666667,엘르인 호텔,Hotel Elle Inn,"37.541737,126.97219"
hotels,6759613,4.0,언니네 하우스,Unni House,"37.57632,127.02235"
hotels,6759637,4.0,울타리 호스텔,Ultari Hostel,"37.553864,126.93562"
hotels,6816677,4.2,블루보트 호스텔 명동,,"37.563007,126.99068"
hotels,6817242,4.25,필스테이 동대문점,Philstay Dongdaemun DDP,"37.564957,127.00657"
hotels,6867343,4.6,호텔 스카이파크 동대문 I,,"37.56415,127.002075"
hotels,6867409,4.666666666666667,CMS 인 서울,,"37.58936,127.05663"
hotels,6867428,5.0,YD 레지던스,,"37.55087,126.9612"
hotels,6867443,5.0,에이치호텔,,"37.48708,127.01397"
hotels,6871129,4.5,24게스트하우스 서울역 프리미어점,24guesthouse Seoul Station Premier,"37.55361,126.97472"
hotels,6877397,4.0,호텔릿,,"37.55446,126.97351"
hotels,6892917,3.3333333333333335,24게스트하우스 신촌,,"37.55497,126.93514"
hotels,6941818,5.0,에이 하우스,,"37.58317,126.98131"
hotels,6941825,3.3333333333333335,  ,Benikea Seoul Hotel,"37.5568,126.85999"
hotels,6941842,4.194444444444445,케이팝 호텔 서울역점,K-POP Hotel Seoul Station,"37.554688,126.974075"
hotels,6998634,4.012345679012346,이비스 버젯 앰배서더 서울 동대문,ibis budget Ambassador Seoul Dongdaemun,"37.564297,127.00858"
hotels,6998671,4.666666666666667,예포 게스트하우스,YE&#39;4 Guesthouse,"37.567497,126.91958"
hotels,7003892,1.0,신설동역 레지던스 동대문,,"37.57626,127.02489"
hotels,7008092,4.12,도미 인 프리미엄 서울 가로수길,,"37.517056,127.02171"
hotels,7043159,4.571428571428571,청연재,Cheong Yeon Jae Hanok Hotel,"37.58033,126.985634"
hotels,7043480,4.0,아티스트 77 하우스,Artist 77 House,"37.52682,127.0514"
hotels,7043495,5.0,토모 레지던스,,"37.56193,126.98795"
hotels,7053590,5.0,패밀리 &amp; 프렌즈 하우스 2,,"37.560238,126.92225"
hotels,7053783,4.2,동대문 화신 호스텔,Dongdaemun Hwashin Hostel,"37.56522,127.00339"
hotels,7054545,4.015151515151516,신라스테이 역삼,Shilla Stay Yeoksam,"37.504753,127.04153"
hotels,7064499,3.6153846153846154,맘하우스,MOM House,"37.560486,126.9867"
hotels,7074384,4.333333333333333,D.H 신촌 게스트하우스,D.H Sinchon Guesthouse,"37.552628,126.93677"
hotels,7074393,3.8,베이튼 서울 동대문,,"37.565117,127.00268"
hotels,7074669,3.75,호스텔 클로이,Hostel Chloe,"37.56862,126.98862"
hotels,7089489,5.0,호스텔 KW 신사,Hostel KW Sinsa,"37.5126,127.01864"
hotels,7103191,5.0,청담게스트하우스,Cheongdam Guesthouse,"37.525665,127.05014"
hotels,7103647,4.636363636363637,이노 호스텔 &amp; 펍라운지 홍대,Inno Hostel &amp; Pub Lounge Hongdae,"37.553623,126.91419"
hotels,7107794,4.545454545454546,더 해밀 게스트하우스,The Haemil Feel Like Home,"37.562107,126.926346"
hotels,7107952,4.375,달집 북촌,Dalzip Bukchon,"37.584137,126.983444"
hotels,7134179,3.967741935483871,이코노미 호텔 명동 프리미어,Ekonomy Hotel Myeongdong Premier,"37.56151,126.984535"
hotels,7161281,4.615384615384615,도담게스트하우스,Dodam Guesthouse,"37.5351,126.9928"
hotels,7161291,4.132352941176471,알로프트 서울 강남,,"37.52372,127.05565"
hotels,7181422,3.4285714285714284,호텔 봉봉,Hotel Bonbon,"37.56649,126.98237"
hotels,7244241,4.582608695652174,글래드 호텔 여의도,GLAD Hotel Yeouido,"37.527695,126.91745"
hotels,7268921,3.875,어반 플레이스 강남,Urban Place Gangnam,"37.49163,127.02915"
hotels,7269014,4.634146341463414,에스알 호텔 서울 마곡,SR Hotel Seoul Magok,"37.56109,126.83942"
hotels,7274687,4.2745098039215685,오클라우드 호텔,Ocloud Hotel,"37.503033,127.02389"
hotels,7289673,5.0,야코리아 호스텔 홍대,YaKorea Hostel Hongdae,"37.557335,126.92918"
hotels,7305732,4.666666666666667,호스텔 더 스타일,Hostel The Style,"37.55955,126.923546"
hotels,7353565,4.3076923076923075,베니키아 프리미어 호텔 베르누이,,"37.49732,126.84589"
hotels,7356275,4.416666666666667,창덕궁 소담,Changdeokgung Sodam,"37.576298,126.99063"
hotels,7356363,2.5,가온 골든파크,Gaon Golden Park,"37.57083,127.01447"
hotels,7356365,4.666666666666667,레인보우 호텔 명동,Rainbow Hotel Myeongdong,"37.56252,126.992134"
hotels,7358712,4.124183006535947,스타즈 호텔 명동 II,Staz Hotel Myeongdong II,"37.562553,126.99065"
hotels,7358738,4.25,골든 시티 호텔,,"37.56265,127.06087"
hotels,7358746,3.4,하우스 740,House 740,"37.558037,126.920975"
hotels,7358763,3.6,스타 게스트하우스,Star Guest House,"37.561848,126.97801"
hotels,7367825,3.8333333333333335,메이 플레이스 서울 동대문,May Place Seoul Dongdaemun,"37.576206,126.99862"
hotels,7382024,4.0,호텔 아띠 성수,Hotel Atti Seongsu,"37.54373,127.05695"
hotels,754311,4.0324825986078885,라마다 호텔 앤드 스위트 서울 남대문,Ramada Hotel and Suites Seoul Namdaemun,"37.560467,126.97217"
hotels,7597494,4.5,송파 호스텔,Songpa Hostel,"37.50829,127.1113"
hotels,7597620,4.705882352941177,코코아게스트하우스,Cocoa Guesthouse,"37.549755,126.92175"
hotels,7597626,4.7368421052631575,트윈래빗 게스트하우스,Twin Rabbit Guesthouse,"37.56058,126.92258"
hotels,7597655,4.385542168674699,호텔 나포레,Hotel Nafore,"37.569046,126.990555"
hotels,7613319,4.467261904761905,이비스 스타일 앰배서더 서울 명동,Ibis Styles Ambassador Seoul Myeongdong,"37.56166,126.98929"
hotels,7619069,4.355555555555555,에이메스 호텔,AMASS Hotel,"37.57721,126.99095"
hotels,7647148,3.774011299435028,르와지르 호텔 서울 명동,Loisir Hotel Seoul Myeongdong,"37.561237,126.98465"
hotels,7654275,3.5,아로하 게스트하우스,Aroha Guest House,"37.55176,126.974396"
hotels,7654277,4.4,MK 리버티 하우스,Mk Liberty House Seoul Station,"37.55448,126.96899"
hotels,7685026,4.074074074074074,스테이 비 호텔 명동,Stay B Hotel Myeongdong,"37.56331,126.99287"
hotels,7685101,4.0,남산 시티 호텔 명동,Namsan City Hotel Myeongdong,"37.55798,126.97847"
hotels,7685521,4.0,하모니 호텔,Harmony Hotel,"37.538303,127.13796"
hotels,7685665,4.0,호텔 디오레,Hotel The-Ore,"37.555614,126.92047"
hotels,7686969,4.206185567010309,신라스테이 서대문,Shilla Stay Seodaemun,"37.565163,126.96675"
hotels,7687450,3.5,24 게스트하우스 종로3가역,24 Guesthouse Jongno 3ga Station,"37.572895,126.99228"
hotels,7688216,3.375,솔라리아 니시테츠 호텔 서울 명동,,"37.5626,126.98516"
hotels,7701584,4.5,웰 플러스 비앤비 게스트하우스,Well Plus BnB Guest House,"37.55842,126.9856"
hotels,7701591,4.75,누하당 게스트하우스,Nuhadang Hanok Guesthouse,"37.579826,126.968475"
hotels,7738789,5.0, ,,"37.58259,126.98743"
hotels,7790767,4.2105263157894735,K-게스트하우스 명동 2,K-guesthouse Myeongdong 2,"37.56187,126.986946"
hotels,7790768,4.2,K-게스트하우스 인사동,K-guesthouse Insadong,"37.573547,126.98618"
hotels,7790781,4.444444444444445,K 관광호텔,K-Hotel,"37.545223,126.93005"
hotels,7792581,4.2,케이팝 레지던스동대문,K-POP Residence Dongdaemun,"37.563335,127.00685"
hotels,7810424,3.9375,오리엔스 호텔 &amp; 레지던스,Oriens Hotel &amp; Residences,"37.56005,126.99114"
hotels,7815269,4.586206896551724,치선 호텔 서울 명동,Chisun Hotel Seoul Myeongdong,"37.564148,126.99848"
hotels,7834720,4.375438596491228,포 포인츠 바이 쉐라톤 서울 남산,"Four Points by Sheraton Seoul, Namsan","37.535984,126.97135"
hotels,7834994,3.75,선라이즈 인 동대문,Sunrise Inn Dongdaemun,"37.575733,127.02177"
hotels,7905854,4.75,인 서울 게스트하우스,In Seoul Guesthouse,"37.570644,126.98739"
hotels,7905978,3.25,이태원 랜드 게스트룸,Itaewon Land Guest Room,"37.53433,126.99726"
hotels,7917969,4.636363636363637,비빔밥 게스트하우스,Bibimbap Guesthouse,"37.573364,126.98976"
hotels,7997916,4.5,서울 N 스테이 호스텔,Seoul N Stay Hostel,"37.564976,127.00211"
hotels,8024697,2.8,K-게스트하우스 신촌 2,K-guesthouse Sinchon 2,"37.55455,126.93492"
hotels,8024699,4.3125,K-게스트하우스 명동 1,K-guesthouse Myeongdong 1,"37.560696,126.9833"
hotels,8070350,3.7142857142857144,호텔 스테이 인,Hotel Stay Inn,"37.551964,126.97375"
hotels,8073848,4.142857142857143,남산게스트하우스 3호점,Namsan Guest House 3,"37.559166,126.98511"
hotels,8076685,4.5,호텔 도마,,"37.561493,126.99564"
hotels,8076702,3.9504950495049505,홀리데이 인 익스프레스 서울 을지로,Holiday Inn Express Seoul Euljiro,"37.5666,126.98949"
hotels,8098623,4.65,남산게스트하우스,Namsan Guesthouse,"37.558033,126.98453"
hotels,8110812,4.425925925925926,보리 호텔,Boree Hotel,"37.49497,127.036644"
hotels,8110867,4.333333333333333,소테츠 호텔즈 더 스프라지르 서울 동대문,,"37.564655,127.00771"
hotels,8114042,4.125,파크 애비뉴 게스트하우스,Park Avenue Guest House,"37.562386,126.92299"
hotels,8118189,4.166666666666667,신라스테이 마포,Shilla Stay Mapo,"37.542778,126.94963"
hotels,8261880,5.0,스테이 나우 게스트하우스,Stay Now Guest House,"37.562965,126.92563"
hotels,8285182,4.6,스타 호스텔 동대문 스위트,Star Hostel Dongdaemun Suite,"37.571613,127.00291"
hotels,8298647,4.4,더스테이호텔,The Stay Hotel,"37.56171,126.98674"
hotels,8298699,4.0,나누 게스트하우스 핑크,Nanu Guesthouse Pink,"37.55895,126.92575"
hotels,8299878,3.5,까사 명동 게스트하우스,Casa Myeongdong Guesthouse,"37.56189,126.98767"
hotels,8322447,4.520958083832335,호텔 페이토 강남,Hotel Peyto Gangnam,"37.486523,127.033134"
hotels,8368838,4.260869565217392,호텔 8 아워즈,Hotel 8 Hours,"37.562202,126.97791"
hotels,8369100,5.0,비 마이 게스트,Be My Guest,"37.533234,126.993225"
hotels,8394112,4.5,요트 게스트하우스,,"37.535408,126.99226"
hotels,8457967,3.6666666666666665,탑 호텔,Top Hotel,"37.55897,126.97985"
hotels,8458163,4.6,24게스트하우스 명동 타운,24guesthouse Myeongdong Town,"37.559456,126.97897"
hotels,8458286,4.666666666666667,카림 게스트하우스,Charim Guesthouse,"37.564926,127.007355"
hotels,8458309,4.454545454545454,루미아 호텔,Lumia Hotel,"37.55804,126.97965"
hotels,8458325,4.0,필스테이 동대문 이코노믹,Philstay Dongdaemun Economic,"37.5663,127.00394"
hotels,8458377,4.176470588235294,탑 호텔 &amp; 레지던스,Top Hotel &amp; Residence,"37.57352,126.98886"
hotels,8476641,4.9,더 메이 하우스,The Mei Haus,"37.567745,126.919075"
hotels,8476681,4.0,서울달빛 DDP지점,Seoul Dalbit DDP,"37.56165,127.00555"
hotels,8476780,5.0,하모리 게스트하우스,Hamory Guesthouse,"37.56542,127.00943"
hotels,8476956,4.0,명동 게스트하우스 ZZ,Myeongdong Guesthouse ZZ,"37.560677,126.986885"
hotels,8522933,4.631578947368421,L7명동,,"37.56136,126.98682"
hotels,8522945,4.448888888888889,롯데 시티 호텔 명동,Lotte City Hotel Myeongdong,"37.566803,126.98803"
hotels,8523099,5.0,타임 트래블러즈 파티 호스텔,,"37.56087,126.92748"
hotels,8523103,4.2,57 명동 호스텔,57 Myeongdong Hostel,"37.56093,126.98339"
hotels,8555505,3.4,호텔 더 디자이너스 동대문,Hotel The Designers Dongdaemun,"37.56373,127.00562"
hotels,8555913,3.3333333333333335,파티오 59 게스트하우스 홍대점 2,Patio 59 Guesthouse Hongdae Branch 2,"37.56231,126.92"
hotels,8591381,4.0,리안 게스트하우스,,"37.613167,127.01109"
hotels,8608162,4.0,소테츠호텔즈 더 스프라지르 서울 명동,Sotetsu Hotels the Splaisir Seoul Myeong-Dong,"37.56203,126.9789"
hotels,8630628,3.0,호텔 더 디자이너스 리즈 강남 프리미어,Hotel The Designers LYJ Gangnam Premier,"37.505337,127.02593"
hotels,8631724,1.0,모닝스카이 호텔,,"37.56399,126.99996"
hotels,8681682,3.6153846153846154,호텔 포레힐,Hotel Foreheal,"37.51197,127.023735"
hotels,8681735,4.1308016877637135,호텔 카푸치노,Hotel Cappuccino,"37.5068,127.03149"
hotels,8686362,4.0,24 게스트하우스 서울시청점,24guesthouse Seoul City Hall,"37.56486,126.97636"
hotels,8691139,3.6666666666666665,S.A 아파트먼트 서울역,Service Apartment Seoul Station,"37.55504,126.96838"
hotels,8691279,4.428571428571429,호텔 페이토 삼성,Hotel Peyto Samseong,"37.50849,127.05922"
hotels,8691395,4.666666666666667,스타호스텔 인사동,Star Hostel Insadong,"37.572998,126.99044"
hotels,8691771,5.0,필스테이 이태원점,,"37.535614,126.99198"
hotels,8692662,4.444444444444445,크라운 파크 호텔 서울,,"37.563755,126.98076"
hotels,8692780,5.0,엠버시 게스트하우스,Guesthouse Embassy,"37.53335,127.00554"
hotels,8701673,2.0,허브 호텔,,"37.50962,127.08549"
hotels,8701716,4.0,몽모텔,Mong Motel,"37.576447,127.025406"
hotels,8705421,4.0,저스트포유 게스트하우스,Just4u Guesthouse,"37.571507,127.00741"
hotels,8706565,4.0,써니힐 게스트하우스 홍대,Sunnyhill Guesthouse Hongdae,"37.584385,127.00267"
hotels,8706793,3.0,하우스테이 게스트하우스 2호점,Housetay Guesthouse 2,"37.555607,126.92561"
hotels,8709460,4.933333333333334,드림인서울,Dream Inn Seoul,"37.486485,126.92988"
hotels,8713943,4.0,31 페이지,31 Page,"37.582424,127.04865"
hotels,8773968,4.0,큐모텔,Q Motel,"37.553467,126.93575"
hotels,8790502,4.333333333333333,The AN 호스텔,The AN Hostel,"37.565216,126.98955"
hotels,8806838,4.368421052631579,글로리 인,Glory Inn,"37.56506,127.00212"
hotels,9452203,4.223880597014926,신라스테이 광화문,Shilla Stay Gwanghwamun,"37.57244,126.98114"
hotels,9454368,4.157894736842105,K-게스트하우스 명동 3,K-Guesthouse Myeongdong 3,"37.562454,126.985825"
hotels,9454415,4.40625,에이큐브 호텔,Acube Hotel,"37.566257,127.00177"
hotels,9454482,3.8,호텔 밀리오레,Hotel Migliore,"37.568066,127.00848"
hotels,9454537,4.367924528301887,신라스테이 구로,Shilla Stay Guro,"37.485657,126.9044"
hotels,9553151,5.0,지월장 게스트하우스,Jiwoljang Guest House,"37.54711,126.9791"
hotels,9564232,4.75,두 게스트하우스 북촌 2,Doo guesthouse Bukchon 2,"37.579838,126.9865"
hotels,9594362,2.8,K-게스트하우스 프리미엄 강남 1,K-guesthouse Premium Gangnam 1,"37.50538,127.025246"
hotels,9594532,3.7333333333333334,호텔 더 디자이너스 청량리,Hotel the Designers Cheongnyangni,"37.58167,127.0476"
hotels,9594549,4.833333333333333,K-게스트하우스 인사동 2,K-Guesthouse Insadong 2,"37.56927,126.98406"
hotels,9709682,4.166666666666667,베니키아 프리미어 호텔 동대문,,"37.573547,127.02015"
hotels,9722314,4.133333333333334,서울 달빛 게스트하우스,Seoul Dalbit Dongdaemun Guesthouse,"37.571976,127.01455"
hotels,9751158,4.5,호텔 칸,Hotel Khan,"37.525063,126.90961"
hotels,9796468,4.8,호텔 베네,Hotel Bene,"37.565052,126.9925"
hotels,9796501,5.0,벙크 게스트하우스,,"37.554863,126.92709"
hotels,9811641,4.95,나그네 하우스,NagNe House,"37.576736,126.97163"
hotels,9820385,5.0,로드하우스 명동,,"37.561893,126.99399"
hotels,9861332,3.6129032258064515,호텔 베뉴지,Hotel Venue G,"37.568253,126.99102"
hotels,9981959,4.0,메이커스호텔,,"37.57242,126.98954"
hotels,9982952,3.6,베스틴 호스텔 명동,Vestin Hostel Myeongdong,"37.561844,126.989426"
hotels,9986158,4.571428571428571,코트야드 서울 남대문,,"37.56108,126.97658"
hotels,10308634,5.0,,Paul&#39;s Guesthouse,"37.537056,126.987"
hotels,10435947,4.666666666666667,,Midam Hanok Guesthouse,"37.58058,126.98635"
hotels,10517178,4.857142857142857,,Bukchon Guesthouse,"37.57857,126.98567"
hotels,10532596,5.0,,Dajayon Hanok Guesthouse,"37.573917,126.99192"
hotels,10815717,4.892857142857143,,Michigan House &amp; Pub,"37.55404,126.926636"
hotels,1092902,3.857142857142857,,Blue Pearl,"37.525597,127.05377"
hotels,1149394,2.6666666666666665,,New Chonji Hotel,"37.565483,127.00337"
hotels,1174908,4.5,,Inn daewon,"37.576366,126.973404"
hotels,1186308,5.0,,Cima Hotel,"37.576145,126.99813"
hotels,1186436,3.0,,Hilltop Tourist Hotel,"37.511505,127.03151"
hotels,1186456,4.0,,Yeongdeungpo Tourist Hotel,"37.524094,126.88389"
hotels,11893470,5.0,,Yeonwoo House,"37.582344,126.98532"
hotels,11930690,5.0,,Western River Gangseo Hotel,"37.548634,126.81969"
hotels,1196104,3.6,,Goldenpond Guesthouse,"37.58199,126.99905"
hotels,11961065,3.5,,96 BUN&#39;Z Travelers Lodge,"37.564716,127.00985"
hotels,1201688,5.0,,Zen House,"37.566437,126.97803"
hotels,12222145,2.0,,Kpop Hotel,"37.506203,127.04067"
hotels,12276613,4.5,,Gold River Hotel,"37.478252,126.876686"
hotels,12404787,5.0,,Bed Station,"37.51229,127.0504"
hotels,12581877,4.5,,Oasis Hostel,"37.49817,127.03177"
hotels,12711314,4.0,,Hotel Bridge,"37.523544,126.88255"
hotels,12881255,4.0,,JM Guest house,"37.558567,126.935265"
hotels,13090210,3.0,,Petercat Hotel,"37.57508,126.98965"
hotels,13369899,4.2631578947368425,,TravelersA Seoul Hostel,"37.56835,126.99891"
hotels,13397073,2.0,,Hostel Gaon,"37.55421,126.93751"
hotels,13428462,5.0,,Whitetail Backpacker Hostel,"37.565056,126.92249"
hotels,13440554,3.0,,Myeong Dong Tomato Guest House,"37.559517,126.986206"
hotels,13952968,3.0,,Hotel Bellagio,"37.60941,126.932"
hotels,13984668,4.0,,MW Guest House,"37.532387,126.99329"
hotels,1462092,3.6,,Bali Tourist Hotel,"37.529224,127.13482"
hotels,1500586,4.75,,Rakkojae Seoul,"37.580235,126.98598"
hotels,1568154,4.690476190476191,,Seoul I Guesthouse,"37.559277,126.92581"
hotels,1627213,3.7777777777777777,,JIN Guest House,"37.56031,126.99503"
hotels,1628967,4.28125,,Bangrang Hostel,"37.558567,126.96366"
hotels,1637184,3.5714285714285716,,Bebop Guesthouse,"37.554893,126.91731"
hotels,1745760,2.75,,Green Residence,"37.56417,126.98543"
hotels,1754398,5.0,,Rainbow Guest House,"37.603756,126.960396"
hotels,1754763,3.0,,Prada Hotel,"37.5203,126.93054"
hotels,1796658,4.173913043478261,,Banyan Tree Club &amp; Spa Seoul,"37.55015,127.00092"
hotels,1818900,4.7105263157894735,,Ann Guesthouse,"37.55669,126.92297"
hotels,1871966,4.285714285714286,,Yoo&#39;s Family Guesthouses Yeorumjip,"37.576553,126.991196"
hotels,1948629,4.861111111111111,,Namu Guesthouse,"37.561897,126.920525"
hotels,1971598,3.5,,Seoul Walker Guest House,"37.55202,126.90619"
hotels,2024033,4.0,,Jun Motel,"37.56132,127.05987"
hotels,2046600,4.285714285714286,,The WIN Boutique Hotel,"37.551506,126.91572"
hotels,2076592,4.695652173913044,,Seoulwise Guesthouse,"37.559937,126.92272"
hotels,2143287,3.875,,IS@K Traveler&#39;s Lounge,"37.535957,126.99986"
hotels,2150223,5.0,,8 Motel,"37.50527,127.04935"
hotels,2150285,4.0,,M Hotel,"37.502094,127.038086"
hotels,2150620,4.0,,Noblesse Hotel,"37.561756,127.06769"
hotels,2150726,3.0,,Hotel Bellagio,"37.60941,126.932"
hotels,2150945,2.5,,Ritz Motel,"37.57174,126.989586"
hotels,2182167,3.3333333333333335,,Metro Spa Cabin,"37.56268,126.996056"
hotels,2219111,3.0,,Bongsan Guesthouse,"37.58091,126.98646"
hotels,2282463,4.666666666666667,,2C House Wangsimni,"37.559307,127.039444"
hotels,2293780,3.75,,Namkyong Hotel,"37.548985,126.910545"
hotels,2295120,4.166666666666667,,Kundaemunjip,"37.580036,126.98714"
hotels,2337168,3.5,,Hotel Echae,"37.55697,126.93857"
hotels,2483958,4.515625,,Guesthouse Phil-house,"37.551727,127.0895"
hotels,2513907,4.230769230769231,,Dongdaemun Hostel,"37.564358,127.00841"
hotels,2519660,4.794117647058823,,Birdsnest Hostel,"37.56111,126.92139"
hotels,2533673,3.0,,Nex Hotel,"37.5678,127.069176"
hotels,2542071,5.0,,Daeyang Motel,"37.6572,126.773"
hotels,2571575,4.235294117647059,,Girls Generation Hostel,"37.565983,126.99299"
hotels,2641873,3.0,,Carlton Motel,"37.59567,127.09432"
hotels,2641883,3.142857142857143,,Cutee Hotel,"37.57204,126.98937"
hotels,2642077,4.0,,Shinchon Eureka Guesthouse,"37.554916,126.933945"
hotels,2642160,4.666666666666667,,Hotel S,"37.553616,126.93507"
hotels,2642171,4.0,,Stylish Hotel Ditto,"37.55796,126.942215"
hotels,2653697,4.0,,FL Hotel,"37.486923,127.01266"
hotels,2658445,5.0,,Segumjung Blues Guest House,"37.60137,126.96193"
hotels,2658481,5.0,,Big Tree Guesthouse,"37.553947,126.91544"
hotels,299776,4.589912280701754,,JW Marriott Hotel Seoul,"37.503353,127.00507"
hotels,3154906,3.0,,Nyx Hotel,"37.52981,126.83968"
hotels,3154922,4.333333333333333,,Seocho-dong Co-op Residence,"37.495487,127.0207"
hotels,3161565,3.375,,Seoul Hostel Center,"37.571995,126.98089"
hotels,3161571,2.888888888888889,,POP@Itaewon Guesthouse,"37.5339,126.989334"
hotels,3249458,4.6,,Space Torra,"37.560974,126.92242"
hotels,3254548,3.75,,U &amp; I Hostel,"37.544167,126.968666"
hotels,3272476,5.0,,Backpackers Space,"37.553112,126.92222"
hotels,3274076,4.25,,KW Pencil Hostel,"37.558777,126.91946"
hotels,3274321,4.181818181818182,,Jin&#39;s Paradise,"37.53146,126.99191"
hotels,3274728,2.0,,Sky Motel,"37.571228,126.98959"
hotels,3291621,1.75,,Morning Guesthouse Gangnam 1,"37.49563,127.03286"
hotels,3291643,4.5,,MW Hotel,"37.51123,127.08342"
hotels,3291645,4.0,,Red Fish Guesthouse,"37.58309,126.99799"
hotels,3291647,5.0,,Guesthouse Beehive,"37.55036,126.91796"
hotels,3291684,4.0,,Hotel Yaja Guro,"37.494328,126.84163"
hotels,3291686,3.5,,Mi House,"37.57705,127.02296"
hotels,3291691,3.675675675675676,,WS Hotel,"37.554836,126.9352"
hotels,3295602,4.470588235294118,,Four Seasons House,"37.5544,126.917114"
hotels,3349559,4.333333333333333,,Ultari House 1,"37.55436,126.92345"
hotels,3354449,4.833333333333333,,Fully House,"37.587166,126.99611"
hotels,3356594,4.4,,Yoo&#39;s Family Guesthouses Byeolhadang,"37.577175,126.99126"
hotels,3366752,3.25,,Hotel Parfe,"37.553295,126.93558"
hotels,3369103,3.5555555555555554,,K Hostel,"37.574005,127.02006"
hotels,3370879,4.0,,Hite Motel,"37.479637,126.9535"
hotels,3389031,3.6666666666666665,,Hotel Tree shade,"37.56537,127.00585"
hotels,3389289,3.75,,Pearl Hotel,"37.5746,126.98425"
hotels,3433133,3.7,,Lavinia,"37.57517,126.98939"
hotels,3438789,4.5,,Lodge 82,"37.5145,126.92117"
hotels,3438793,5.0,,Sloth guesthouse,"37.532703,126.99078"
hotels,3447139,2.25,,Hawseongjang,"37.57303,126.98872"
hotels,3477036,3.2857142857142856,,Myeongdong Town Guesthouse,"37.567192,126.98975"
hotels,3477095,3.0,,Motel Yam Sinchon,"37.553425,126.93592"
hotels,3477113,2.75,,Mong Hotel,"37.56884,126.98862"
hotels,3477119,4.666666666666667,,Family House Tel,"37.559593,126.92335"
hotels,3531768,3.0,,DSBC,"37.53583,126.90171"
hotels,3540875,4.6299212598425195,,Boa travel house,"37.558994,126.92844"
hotels,3568795,4.0,,Chez Nicolas B&amp;B,"37.530853,127.01068"
hotels,3568833,4.0,,May Hotel Dongdaemun,"37.58854,127.05434"
hotels,3568904,4.363636363636363,,Kimchi Guesthouse,"37.57641,126.96958"
hotels,3568954,4.0,,Hotel Time,"37.556946,126.941895"
hotels,3568977,3.0,,Koose Motel,"37.576336,126.98993"
hotels,3571239,3.6,,Greentel,"37.568512,126.9884"
hotels,3571244,3.25,,Just Stay Hotel,"37.566223,127.00497"
hotels,3575500,1.0,,Hotel Star,"37.499535,127.03545"
hotels,3575561,3.0,,Hotel Unique by Foret,"37.603733,127.06224"
hotels,3581568,5.0,,The Seoul,"37.560963,126.96817"
hotels,3595030,3.5,,Hotel Yaja Yeongdeungpo,"37.518497,126.9101"
hotels,3600472,4.5,,Ceylon Hotel,"37.514996,127.10835"
hotels,3612234,3.0,,Ritz Hotel,"37.65481,127.05773"
hotels,3616687,4.333333333333333,,Leo Haus,"37.561626,127.08222"
hotels,3618328,3.5,,Hill Livingtel Nambu Terminal,"37.48582,127.01343"
hotels,3627578,4.5,,Hotel M,"37.552914,126.93551"
hotels,3627933,3.5,,Khaosan In Seoul,"37.583504,126.99887"
hotels,3630329,3.6666666666666665,,BNB Chungdam,"37.521908,127.04357"
hotels,3640677,1.0,,Park Hill Residence,"37.546387,126.95976"
hotels,3642712,4.724137931034483,,KpopStay,"37.552692,126.92657"
hotels,3642742,4.777777777777778,,Ewha Dh Guesthouse,"37.55444,126.94035"
hotels,3653244,4.75,,Gangnam Guesthouse,"37.505695,127.02521"
hotels,3656148,4.666666666666667,,Seochon Guesthouse,"37.579063,126.97066"
hotels,3660712,4.8,,New Myeongdong Guesthouse,"37.558857,126.98364"
hotels,3682077,5.0,,Gom Hostel Dongdaemun,"37.563065,127.00398"
hotels,3687344,5.0,,The JA in Gangnam,"37.50012,127.02486"
hotels,3723552,4.0,,Sarangbang Motel,"37.548645,126.9695"
hotels,3813601,3.0,,JJ Residence,"37.55673,126.97858"
hotels,3814474,4.733333333333333,,FunFunStay Guesthouse,"37.55594,126.92677"
hotels,3814669,4.636363636363637,,Guesthouse The Hill,"37.557713,126.98529"
hotels,3814735,4.730769230769231,,Soo Guesthouse,"37.558975,126.98646"
hotels,3858610,4.90566037735849,,Sopoong Guest House,"37.57903,126.97328"
hotels,3950995,5.0,,Two Star Motel,"37.59118,126.9894"
hotels,3974714,5.0,,Samsung Motel,"37.569096,126.98841"
hotels,3976703,4.0,,Sky Motel,"37.571228,126.98959"
hotels,4006069,4.3076923076923075,,Khaosan Seoul Insadong,"37.569817,126.99127"
hotels,4006171,4.852941176470588,,Rio House Hongdae,"37.5575,126.92426"
hotels,4009695,4.6,,Crossroad Backpackers,"37.554916,126.9278"
hotels,4036576,5.0,,Mrs. Yoon BnB,"37.53182,126.9721"
hotels,4071531,4.157894736842105,,Dragon Hill Lodge,"37.53188,126.98128"
hotels,4105523,4.9491525423728815,,Hostel Tommy,"37.574432,126.99111"
hotels,4134889,3.0,,Motel Yam Jongno,"37.572598,127.00421"
hotels,4134992,3.8,,Roo Roo Residence,"37.556496,126.99316"
hotels,4135824,3.9166666666666665,,Inn-the City Serviced Residence Gangnam,"37.510506,127.02351"
hotels,4137680,4.081081081081081,,Hotel Grammos,"37.50235,127.039925"
hotels,4153722,4.75,,Maruji Guesthouse,"37.5617,126.92024"
hotels,4170938,3.6666666666666665,,Dongdaemun Hostel,"37.564358,127.00841"
hotels,4344758,4.620689655172414,,Suitcasers,"37.562157,126.97781"
hotels,4354716,5.0,,Agrina Guesthouse,"37.558037,126.995476"
hotels,4409027,4.666666666666667,,Jongno Lemontree Hotel,"37.57233,126.99107"
hotels,4412264,5.0,,Garosu Stay,"37.522026,127.02109"
hotels,4412459,4.428571428571429,,Pigfly House,"37.557774,126.92429"
hotels,447939,4.1875,,Mayfield Hotel &amp; Resort,"37.547523,126.81879"
hotels,447940,3.5128205128205128,,Hotel Double A,"37.5605,126.99033"
hotels,4504693,4.666666666666667,,Bridge Backpackers,"37.555946,126.93065"
hotels,454920,3.4,,Yeongdong Hotel,"37.517525,127.02447"
hotels,455448,3.0833333333333335,,California Hotel,"37.506584,127.03223"
hotels,455859,3.5555555555555554,,Central Tourist,"37.568714,126.99297"
hotels,4590180,4.876923076923077,,Travelers Planet Hostel,"37.56142,126.92105"
hotels,4590202,3.5,,Samho Park Hotel,"37.566048,127.05425"
hotels,4590208,5.0,,K-POP Starz House,"37.522205,127.04324"
hotels,4608638,4.8,,May guesthouse,"37.548183,126.92388"
hotels,4749758,3.0,,24guesthouse Dongdaemun Style,"37.576256,127.0227"
hotels,4763185,3.3846153846153846,,Mamas &amp; Papas Hongdae Guesthouse,"37.549435,126.92057"
hotels,4777440,3.75,,24 Guesthouse Dongdaemun,"37.565426,127.00906"
hotels,5020087,3.888888888888889,,HueAhn Guesthouse,"37.580162,126.98654"
hotels,5039804,3.5,,Sinchon Yasuragi,"37.557854,126.93481"
hotels,506326,2.5,,Kyung Nam Tourist Hotel,"37.570454,127.070564"
hotels,5122452,2.0,,Sazanami Guesthouse,"37.56034,126.98766"
hotels,5252370,4.142857142857143,,Local Stitch,"37.553947,126.91698"
hotels,535491,3.0,,California Tourist Hotel,"37.494278,127.11895"
hotels,5540642,4.0,,Bigbang Hostel,"37.56593,126.99305"
hotels,5541130,4.928571428571429,,Hato Guest House,"37.561424,126.926636"
hotels,5541135,5.0,,G.O.D Guest House,"37.55875,126.90854"
hotels,5541138,5.0,,Charm House,"37.583076,126.98593"
hotels,5579765,4.833333333333333,,It Place Korea,"37.50559,127.02242"
hotels,558060,3.2,,Hotel River Park,"37.54854,126.87819"
hotels,578729,3.0,,Hotel Victoria,"37.61002,127.03081"
hotels,5895936,4.454545454545454,,Uwa Guesthouse,"37.5604,126.92304"
hotels,5895982,3.6,,24 guesthouse Edae,"37.555923,126.945625"
hotels,5895986,4.5,,24guesthouse Daehakro,"37.582268,127.00253"
hotels,5897190,4.0,,Gyeongbokgung Guest House,"37.582977,126.98039"
hotels,5897213,4.932203389830509,,Urbanwood Guesthouse,"37.555687,126.92684"
hotels,6104325,3.0,,Salut ABC Guesthouse,"37.548782,126.92242"
hotels,6104327,4.0,,Gaonjae,"37.582638,126.9831"
hotels,6104646,3.25,,Hostel KW Gangnam,"37.50424,127.02206"
hotels,6104831,3.4,,Feliz Guesthouse,"37.554443,126.96764"
hotels,6104852,3.6666666666666665,,Solarium City,"37.63517,127.02607"
hotels,6104872,5.0,,The Rooming House,"37.56538,126.92139"
hotels,6160692,4.714285714285714,,Philstay Ehwa Womans Univ.,"37.558025,126.94462"
hotels,6378649,3.25,,I.T.W Hotel,"37.534428,126.995766"
hotels,6380504,5.0,,Kimchee Dongnimmun Guesthouse,"37.57394,126.9592"
hotels,6400700,4.853658536585366,,Bounce Guesthouse,"37.561287,126.91938"
hotels,6476904,4.0,,24guesthouse Dongdaemun Market,"37.570614,127.01018"
hotels,649806,4.066666666666666,,Han Suites Serviced Residences,"37.560055,126.991196"
hotels,6536275,4.625,,Korstay Jonggak Insadong,"37.57084,126.9846"
hotels,6541532,4.714285714285714,,OMG Hostel,"37.559425,126.92443"
hotels,6541616,3.25,,Hotel Tong Andante Insadong,"37.57127,126.9854"
hotels,6552922,3.5555555555555554,,Morning Sky Residence,"37.57341,127.02234"
hotels,6556234,3.0,,Hotel Cullinan Jongno,"37.57196,126.98936"
hotels,6556289,2.6666666666666665,,BJ Hotel,"37.54949,126.84844"
hotels,655897,4.0,,Vabien Suite I Serviced Residence,"37.564064,126.96833"
hotels,6561923,4.714285714285714,,the BOOT Guesthouse,"37.56068,126.99488"
hotels,6662767,4.0,,Ujin Motel,"37.55272,127.15504"
hotels,6662999,4.7,,24 Guesthouse Namsan Garden,"37.558895,126.98507"
hotels,6759626,4.458333333333333,,Small House Big Door,"37.567093,126.9821"
hotels,6816705,5.0,,Manaedang Guesthouse,"37.58147,126.98702"
hotels,6871335,3.8,,IU Guesthouse,"37.55776,126.98368"
hotels,6876146,3.8679245283018866,,Ramada Encore Seoul Dongdaemun,"37.57618,127.02603"
hotels,6941478,3.1666666666666665,,YaKorea Hostel Dongdaemun,"37.559807,127.0132"
hotels,6941511,5.0,,Hide &amp; Seek GuestHouse,"37.577995,126.97279"
hotels,6960801,3.75,,Seoul City Hotel,"37.558258,126.981155"
hotels,7043488,3.0,,Hotel Imt,"37.569035,126.99029"
hotels,7054436,3.2857142857142856,,Hotel Tong Seoul Myeongdong,"37.56198,126.97647"
hotels,7065399,3.0,,The Mei Forestvill,"37.562428,127.00747"
hotels,7065406,5.0,,Chachacha Guest House,"37.551075,126.90551"
hotels,7074449,1.0,,Story House Jamsil,"37.53423,127.121765"
hotels,7089473,2.6,,Skycity Residence,"37.522923,126.883286"
hotels,7112812,4.962264150943396,,Gateway Korea Guesthouse,"37.550346,126.917915"
hotels,7183894,4.0,,Capetown,"37.506355,127.05193"
hotels,7186671,5.0,,Albergue Guesthouse,"37.56386,126.92399"
hotels,7221841,3.6666666666666665,,JNJ Residence,"37.47866,126.89115"
hotels,7274718,4.75,,Hostel Vanilla 2,"37.57474,127.01638"
hotels,7274742,4.5,,STEP INN Myeongdong 1,"37.564102,126.98537"
hotels,7289688,3.5,,K-POP HOTEL Seoul Tower,"37.55673,126.97714"
hotels,7296172,4.8,,Cozy Box Guest House,"37.55843,126.94314"
hotels,7356359,5.0,,Log-Inn Guesthouse Seoul,"37.561764,126.92156"
hotels,7367829,1.0,,Jouvence Motel,"37.563423,127.035034"
hotels,7390323,4.916666666666667,,Lazy Fox,"37.553524,126.913925"
hotels,7619090,4.2272727272727275,,D Seven Suites,"37.572186,127.01607"
hotels,7654211,4.25,,Hotel Denim,"37.475864,127.04651"
hotels,7658156,3.0,,NJoy Guesthouse,"37.55456,126.96837"
hotels,7701462,4.5,,Nanu Guesthouse Black,"37.555363,126.92996"
hotels,7701863,4.0,,1969 GuestHouse,"37.562233,126.92334"
hotels,7793011,5.0,,Seoul Sweet Style Guest House,"37.55819,126.91954"
hotels,799326,3.2,,CasaVille Residence Sinchon,"37.55448,126.93597"
hotels,7998017,4.785714285714286,,Trick Art Guest House Hongdae,"37.56208,126.92403"
hotels,8073792,4.0,,Town Guest House 2,"37.552605,126.967445"
hotels,8076781,5.0,,Bauhaus Guesthouse,"37.562744,126.92574"
hotels,8308055,4.733333333333333,,N Guest House Itaewon,"37.53256,126.99252"
hotels,8317279,4.666666666666667,,Grand Field Residence Hostel,"37.5594,126.98411"
hotels,8368983,4.0,,Gana Myeongdong Guesthouse,"37.560333,126.98731"
hotels,8404072,3.8333333333333335,,Dragon Hill Spa &amp; Resort,"37.528004,126.96477"
hotels,8428750,5.0,,Hongdae Chef Guesthouse,"37.54722,126.91266"
hotels,8681704,5.0,,Olive Guesthouse,"37.55638,126.9161"
hotels,8681726,5.0,,IS at K Guesthouse,"37.53577,126.999954"
hotels,8705097,4.0,,Daon House,"37.559353,126.92548"
hotels,8705103,5.0,,Charlestel Guesthouse,"37.555904,126.926605"
hotels,8705408,3.8,,Haha Guesthouse,"37.5318,126.97295"
hotels,8705711,3.0,,Hotel Pop 2,"37.571217,126.99004"
hotels,8706575,3.0,,Doors Guesthouse,"37.558887,126.92571"
hotels,8709450,5.0,,Hotel Nine,"37.570576,127.07133"
hotels,8773880,4.25,,Running Man Hostel,"37.565975,126.993195"
hotels,8790387,5.0,,Comestay,"37.534206,127.11609"
hotels,8806857,4.5,,Mir Residnece,"37.56983,127.02232"
hotels,9597881,4.0,,Prince Hotel,"37.50412,127.053085"
hotels,9735758,3.6666666666666665,,MUST STAY HOTEL Myeongdong,"37.556904,126.97759"
hotels,9764289,5.0,,Hotel ROinhome,"37.55467,126.91374"
hotels,9770463,4.0,,Usimdang,"37.581554,126.98681"
hotels,9799771,5.0,,Villa Seoul Garosugil,"37.52096,127.02505"
hotels,9806598,4.0,,Evada Residence,"37.513832,127.02118"
hotels,9820471,4.214285714285714,,IBC Hotel,"37.57339,127.023155"
