10038332,Boutique Hotel Xym,"37.50938,127.064384",hotels
10081452,Hotel Lassa,null,hotels
10081500,Hotel 2.4,null,hotels
10205834,Tmark Grand Hotel Myeongdong,"37.55831,126.97836",hotels
10205977,Majung Haus,"37.5526,126.97573",hotels
10299463,Guest House ABOUT,"37.5628,127.00823",hotels
10308634,Paul&#39;s Guesthouse,"37.537056,126.987",hotels
10331620,Hostel HARU,"37.56893,126.98434",hotels
10399655,Bonum 1957 Hanok Stay and Hotel,"37.581764,126.98486",hotels
10428145,Hotel Soulhada,"37.49894,127.03245",hotels
10435947,Midam Hanok Guesthouse,"37.58058,126.98635",hotels
10447640,Mono House Budget,"37.562973,126.924355",hotels
10449106,Stay Hotel Gangnam,"37.499454,127.03539",hotels
10464266,Philstay Myeongdong Central Hotel,"37.56476,126.98461",hotels
10483549,Hotel Skypark Kingstown Dongdaemun,"37.56894,127.00771",hotels
10517178,Bukchon Guesthouse,"37.57857,126.98567",hotels
10532596,Dajayon Hanok Guesthouse,"37.573917,126.99192",hotels
10543135,Guesthouse Pajamaparty,"37.56464,126.923744",hotels
10597697,Jeong House Hongdae,"37.558483,126.92813",hotels
10636497,Come On Guesthouse Myeongdong,"37.55967,126.99583",hotels
10637576,Citadines Han River Seoul,"37.540787,126.89071",hotels
10641837,Artmonstay Guesthouse,"37.557392,126.98523",hotels
10692374,Hotel28 Myeongdong,"37.564274,126.98392",hotels
10794734,Guesthouse Soo,"37.579918,126.96798",hotels
10815717,Michigan House &amp; Pub,"37.55404,126.926636",hotels
1092902,Blue Pearl,"37.525597,127.05377",hotels
1112201,Beewon Guest House,"37.57611,126.98986",hotels
11444263,Chilli Guesthouse,"37.556274,126.91902",hotels
1149130,Philstay Myeongdong Station,"37.561653,126.98541",hotels
1149165,Mmmio II Design Residence,"37.565475,126.99161",hotels
1149394,New Chonji Hotel,"37.565483,127.00337",hotels
1150903,Youngbin Hotel,"37.562958,127.00564",hotels
1162483,Hotel Dodo,null,hotels
11704055,K-Guesthouse Dongdaemun 5,"37.56533,127.00686",hotels
11725904,Glad Live Gangnam,"37.50825,127.03635",hotels
11725914,Charm Hanok Guest House,"37.575756,126.989525",hotels
1174409,Saerim Hotel,"37.573475,126.984474",hotels
1174525,Green Grass Hotel,null,hotels
1174908,Inn daewon,"37.576366,126.973404",hotels
1175377,Han Kang Hotel,"37.548027,127.10973",hotels
11836259,Dream House,null,hotels
11846421,Seochon Gachi B&amp;B,"37.579556,126.96612",hotels
11857609,24 Guesthouse Sinchon Avenue,"37.55789,126.93765",hotels
11858387,Global Inn Seoul Dongdaemun City Days Inn,null,hotels
11858514,Hanok Guesthouse 202,null,hotels
1186308,Cima Hotel,"37.576145,126.99813",hotels
1186366,Hotel Giant,null,hotels
1186374,Karak Tourist Hotel,null,hotels
1186436,Hilltop Tourist Hotel,"37.511505,127.03151",hotels
1186443,New Korea Hotel,"37.55827,126.97956",hotels
11864486,Seoul Station Guesthouse,null,hotels
11864553,Gyerim Guesthouse,null,hotels
1186456,Yeongdeungpo Tourist Hotel,"37.524094,126.88389",hotels
11864693,Philstay Dongguk Univ.,"37.564465,127.0081",hotels
11893470,Yeonwoo House,"37.582344,126.98532",hotels
1192832,New Cheonji Hotel,null,hotels
11930690,Western River Gangseo Hotel,"37.548634,126.81969",hotels
11930699,Artview Hotel,"37.56293,126.992226",hotels
11946590,Grid Inn Hotel,"37.5696,126.99133",hotels
11951860,DH Myeongdong Guesthouse,null,hotels
11959021,I&#39;m Green Guesthouse,"37.59227,126.99284",hotels
1196104,Goldenpond Guesthouse,"37.58199,126.99905",hotels
11961065,96 BUN&#39;Z Travelers Lodge,"37.564716,127.00985",hotels
1201688,Zen House,"37.566437,126.97803",hotels
12019574,Hotel Dott Myeongdong,"37.56182,126.987915",hotels
12033515,Hotel The Designers Kondae,"37.558506,127.07653",hotels
1207481,Soo Eun Motel,null,hotels
12079226,Hotel Joker,"37.526432,126.88393",hotels
12079886,Hotel URI&amp;,"37.50894,127.05771",hotels
12094531,Dormy Inn Seoul Gangnam,"37.505795,127.02938",hotels
12101833,Aloft Seoul Myeongdong,"37.56248,126.98169",hotels
12133931,Philstay Myeongdong,"37.564102,126.98537",hotels
12188178,Hotel Inno Stay,"37.565876,127.05395",hotels
12193383,Refee house,"37.523746,127.05243",hotels
12196520,Nanu Guesthouse KPOP,"37.555145,126.91865",hotels
12222145,Kpop Hotel,"37.506203,127.04067",hotels
12222795,K-Guesthouse Seoul City,"37.56673,126.99011",hotels
12231518,Yeoksam Hotel Star Premier,"37.502842,127.04027",hotels
12231972,MOSC,"37.533035,126.99554",hotels
12242440,Shilla Stay Seocho,"37.48936,127.03014",hotels
12244969,KimStay,"37.55643,126.93643",hotels
12251056,Hallyu Hostel,"37.564674,127.00225",hotels
12257734,K-Grand Hostel Dongdaemun,"37.563023,127.03201",hotels
12264115,Nagwonjang Hotel,"37.57296,126.98993",hotels
12273316,Hotel The Designers Seoul Station,"37.545483,126.97157",hotels
12276613,Gold River Hotel,"37.478252,126.876686",hotels
12287729,G2 Hotel,"37.56331,126.99033",hotels
12290061,Royal Square Hotel,"37.560467,126.81036",hotels
12292815,Hoseong Guesthouse,"37.556355,126.947365",hotels
12315022,Hotel Rexvill,"37.51818,126.910645",hotels
1236989,Gyerimjang Guest House,"37.559822,126.985916",hotels
1236995,Mini Hotel Insa,"37.575054,126.98546",hotels
12388243,9Brick Hotel,"37.55391,126.920364",hotels
12404787,Bed Station,"37.51229,127.0504",hotels
12430674,Chingu Guesthouse,"37.545494,126.92203",hotels
12430895,H Avenue Hotel Nokbeon,null,hotels
12454272,Pop at Itaewon Guesthouse,"37.533623,126.98939",hotels
12511642,Hotel Park Hill Myeongdong,"37.55769,126.98165",hotels
12519557,Amazon Guesthouse,"37.532642,126.99304",hotels
12542874,Hotel Parkhabio,"37.481945,127.123474",hotels
12547367,The Recenz Dongdaemun Hotel,"37.56209,127.06161",hotels
12550700,Benikea Premier Yeouido Hotel,"37.51361,126.92151",hotels
12581877,Oasis Hostel,"37.49817,127.03177",hotels
12581921,Hotel Lavieen,"37.511154,127.082184",hotels
12604521,H Avenue Hotel Ewha Univ.,"37.556515,126.942764",hotels
12639491,Ehwa Hotel,"37.564144,126.98797",hotels
12667390,Vestin Boutique,"37.56151,126.99212",hotels
12667661,Navi Hotel Residence,null,hotels
12674038,Hotel Boutique 9 Neungdong,"37.55672,127.080185",hotels
12698628,ibis Styles Ambassador Seoul Yongsan,"37.53173,126.96336",hotels
12707649,Novotel Suites Ambassador Seoul Yongsan,"37.53173,126.96337",hotels
12707683,Novotel Ambassador Seoul Yongsan,"37.531742,126.96335",hotels
12711314,Hotel Bridge,"37.523544,126.88255",hotels
12720709,A314 Hotel,"37.53785,127.07778",hotels
12730428,Hongdae Lazyfox Den Hostel,"37.553123,126.91537",hotels
12730569,P.S. GuestHouse Itaewon,"37.537365,126.988914",hotels
12730914,H Avenue Hotel Shinchon &amp; Idae,"37.55658,126.9424",hotels
12789877,Fillhouse,"37.57157,127.00762",hotels
12856116,Ramada Seoul Sindorim Hotel,"37.506298,126.88539",hotels
12881255,JM Guest house,"37.558567,126.935265",hotels
12940832,Road Myeongdong,"37.561836,126.99399",hotels
12951821,First Stay Hotel,"37.562645,126.97723",hotels
12956021,The State Sunyu Hotel,"37.538372,126.89317",hotels
13009660,Comet Guesthouse,"37.532303,126.972916",hotels
13084680,Feliz Casa,"37.562126,127.00075",hotels
13090210,Petercat Hotel,"37.57508,126.98965",hotels
1310694,Benikea Hotel Acacia,"37.566372,127.0026",hotels
13131314,Hi Jun Guesthouse,"37.56457,126.92493",hotels
13166512,Galaxy Hotel,"37.526222,126.90887",hotels
13222713,Natzam Guesthouse,"37.565166,126.921616",hotels
13283029,GLAD Gangnam COEX Center,"37.50899,127.064445",hotels
13293144,Hotel Thomas Myeongdong,"37.563477,126.978294",hotels
13319648,L7 Gangnam,"37.505558,127.05184",hotels
13361835,Boutique Hotel Young Inn,"37.55627,126.99372",hotels
13369640,Savoy Hotel,"37.56195,126.9844",hotels
13369899,TravelersA Seoul Hostel,"37.56835,126.99891",hotels
13373610,Alice Residence,null,hotels
13386173,Miss Hongdae Guest House,null,hotels
13392050,ENA Suite Hotel Namdaemun Seoul,"37.562298,126.97388",hotels
13394600,Hotel Haedamchae Gasan,"37.479767,126.88837",hotels
13397073,Hostel Gaon,"37.55421,126.93751",hotels
13397346,Hotel The Designers DDP,"37.563778,127.004265",hotels
13401342,Lumia Hotel 2,"37.57383,127.02217",hotels
13402121,H Avenue Hotel Kondae,"37.546524,127.06665",hotels
13414457,Noble Hotel,"37.576874,126.989456",hotels
13426084,L7 Hongdae,"37.555782,126.92142",hotels
13428462,Whitetail Backpacker Hostel,"37.565056,126.92249",hotels
13440554,Myeong Dong Tomato Guest House,"37.559517,126.986206",hotels
1373946,Tuyosinoie,null,hotels
13819581,Glad Mapo,"37.543037,126.95146",hotels
13846825,Courtyard Seoul Botanic Park,"37.56705,126.82945",hotels
1392824,Hotel Hill House,"37.556946,126.98192",hotels
13952968,Hotel Bellagio,"37.60941,126.932",hotels
13965841,Fairfield by Marriott Seoul,"37.51696,126.90914",hotels
13984475,FlexHome Guest House,"37.553093,126.90547",hotels
13984668,MW Guest House,"37.532387,126.99329",hotels
14090461,M Felice Hotel,"37.567795,126.82296",hotels
14159708,Zibro S Guesthouse,"37.54818,126.92388",hotels
14199590,Hotel Kuretakeso Insadong,"37.572357,126.98717",hotels
1462081,Benikea Hotel Flower,"37.58478,127.05065",hotels
1462085,Hotel Cutee,null,hotels
1462092,Bali Tourist Hotel,"37.529224,127.13482",hotels
1462343,Mate Hotel Seoul,"37.52993,126.84094",hotels
1465296,Lotte City Hotel Mapo,"37.544697,126.950714",hotels
1467802,Amourex Hotel,"37.563698,127.03532",hotels
14789575,Soo Song Guest House,"37.573017,126.981155",hotels
1499077,Hotel Daewoo Inn,"37.56286,126.97801",hotels
1500586,Rakkojae Seoul,"37.580235,126.98598",hotels
1535250,Toyoko Inn Seoul Dongdaemun,"37.564495,127.00914",hotels
1557869,Courtyard by Marriott Seoul Times Square,"37.517864,126.90402",hotels
1563983,Blu GuestHouse 1,null,hotels
1568154,Seoul I Guesthouse,"37.559277,126.92581",hotels
1625995,Bong House,"37.584225,126.99701",hotels
1627213,JIN Guest House,"37.56031,126.99503",hotels
1628967,Bangrang Hostel,"37.558567,126.96366",hotels
1637184,Bebop Guesthouse,"37.554893,126.91731",hotels
1640728,The Classic 500 Executive Residence Pentaz,"37.538776,127.07108",hotels
1644474,Goodstay Petercat Hotel Insadong,"37.574947,126.98942",hotels
1653156,Imperial Palace Boutique Hotel,"37.53517,126.99839",hotels
1657213,Hotel Mare,"37.56354,127.057625",hotels
1657413,The Grand Suite Serviced Residence,null,hotels
1741199,Gogung Hotel,"37.575375,126.997284",hotels
1745679,Amfree Hotel,"37.56949,127.0697",hotels
1745746,Chung Jin Motel,null,hotels
1745756,Emerald Motel,null,hotels
1745760,Green Residence,"37.56417,126.98543",hotels
1745761,Hotel Cape Town,null,hotels
1745764,Tria Hotel,"37.503063,127.03958",hotels
1745767,Open Guest House,null,hotels
1748605,Samo Motel,"37.57318,126.98148",hotels
1754398,Rainbow Guest House,"37.603756,126.960396",hotels
1754759,Motel B,"37.56771,126.969086",hotels
1754763,Prada Hotel,"37.5203,126.93054",hotels
1788891,Hanok Guesthouse Eugene&#39;s House,null,hotels
1796658,Banyan Tree Club &amp; Spa Seoul,"37.55015,127.00092",hotels
1815319,Boutique Hotel Juni Bin,"37.548344,126.91118",hotels
1818900,Ann Guesthouse,"37.55669,126.92297",hotels
1837003,IB Ville Guesthouse,null,hotels
1871966,Yoo&#39;s Family Guesthouses Yeorumjip,"37.576553,126.991196",hotels
1903752,Come Inn Guesthouse,"37.552704,126.92292",hotels
1935824,Hotel-D,"37.556004,126.937675",hotels
1948629,Namu Guesthouse,"37.561897,126.920525",hotels
1954031,Fox Motel,null,hotels
1955496,So Sun Jae Guesthouse,null,hotels
1971598,Seoul Walker Guest House,"37.55202,126.90619",hotels
2024033,Jun Motel,"37.56132,127.05987",hotels
2045570,Hotel Irene,null,hotels
2046600,The WIN Boutique Hotel,"37.551506,126.91572",hotels
2076592,Seoulwise Guesthouse,"37.559937,126.92272",hotels
2097820,City Guesthouse,null,hotels
2100902,Hotel La Casa,"37.52219,127.01927",hotels
2103201,Studio 41st,"37.561543,126.921684",hotels
2143287,IS@K Traveler&#39;s Lounge,"37.535957,126.99986",hotels
2150190,Hotel Tomgi,null,hotels
2150223,8 Motel,"37.50527,127.04935",hotels
2150227,Oslo Hotel,"37.48608,127.0129",hotels
2150233,Imt Hotel,"37.48679,127.013",hotels
2150260,Toptel Hotel,null,hotels
2150285,M Hotel,"37.502094,127.038086",hotels
2150290,Hit Hotel,"37.511242,127.0797",hotels
2150328,Carlton Hotel,null,hotels
2150334,Hotel Tomgi,"37.500626,127.0391",hotels
2150335,Hotel Art Combine,null,hotels
2150403,Motel Mido,null,hotels
2150439,Hotel Story,"37.58203,127.02106",hotels
2150532,Cf Motel,null,hotels
2150542,Violin Hotel,null,hotels
2150611,Mojo Hotel,null,hotels
2150620,Noblesse Hotel,"37.561756,127.06769",hotels
2150642,Hotel Dubai,null,hotels
2150692,Nox Hotel,"37.502586,127.03969",hotels
2150693,Highway Hotel,null,hotels
2150726,Hotel Bellagio,null,hotels
2150913,Keumkangjang inn,null,hotels
2150945,Ritz Motel,"37.57174,126.989586",hotels
2151168,Ramada Seoul Dongdaemun,"37.56586,127.002525",hotels
2153731,Yun Guest House,"37.558086,126.98469",hotels
2159977,Sheraton Seoul D Cube City Hotel,"37.509,126.88978",hotels
2179397,Mama Guesthouse Myeongdong,"37.558475,126.98837",hotels
2182167,Metro Spa Cabin,"37.56268,126.996056",hotels
2198830,Traditional Korean Guesthouse,null,hotels
2202393,Hotel Adlige,"37.500793,127.038895",hotels
2202395,Hotel Skypark Myeongdong II,"37.564716,126.98482",hotels
2202400,Hotel Skypark Myeongdong III,"37.561356,126.987236",hotels
2210698,Hotel Cozy Myoungdong,"37.560642,126.97938",hotels
2212705,Doo guesthouse Bukchon,"37.579468,126.98647",hotels
2219111,Bongsan Guesthouse,"37.58091,126.98646",hotels
2224772,Seoul Myeongdong House,null,hotels
2226404,H2O Guesthouse,"37.566883,126.994995",hotels
2258766,Daehanjang Motel,"37.560787,126.99509",hotels
2282463,2C House Wangsimni,"37.559307,127.039444",hotels
2293670,Liz Hotel,"37.49228,127.01347",hotels
2293677,Hangul House,null,hotels
2293780,Namkyong Hotel,"37.548985,126.910545",hotels
2295120,Kundaemunjip,"37.580036,126.98714",hotels
2301772,The Riverside Hotel Seoul,"37.518574,127.01814",hotels
2303927,Seoul Youth Hostel,null,hotels
2303934,Zaza Backpackers Hostel,"37.558784,126.9864",hotels
2314093,Hotel New World,"37.544285,126.97345",hotels
2314103,Milano Motel,"37.56427,127.03621",hotels
2325235,Dongdo Motel,null,hotels
2333443,Hotel Lanuit,null,hotels
2337168,Hotel Echae,"37.55697,126.93857",hotels
2337194,Hotel April,null,hotels
2337202,Hotel Amare,"37.57149,126.9897",hotels
2337371,Hotel VIV Classic,"37.568287,127.06923",hotels
2367780,Hotel Irene City,"37.5621,126.97806",hotels
2393710,Stanford Hotel Seoul,"37.581818,126.88676",hotels
2415959,Motel Benhur,"37.57177,127.000305",hotels
2471997,Daelim Residence,"37.498734,126.88258",hotels
2476467,Sinchon Meridian Motel,null,hotels
2483958,Guesthouse Phil-house,"37.551727,127.0895",hotels
2513907,Dongdaemun Hostel,"37.564358,127.00841",hotels
2519660,Birdsnest Hostel,"37.56111,126.92139",hotels
2530060,ZaZa Hotel Jamsil,null,hotels
2530498,Hotel Pav,"37.487072,127.01399",hotels
2533507,Hotel Mare Gangnam,null,hotels
2533593,Chezlee Hotel,null,hotels
2533673,Nex Hotel,"37.5678,127.069176",hotels
2537406,Chungmuro Residence &amp; Hotel,"37.562542,126.99938",hotels
2537451,Two Be In Hotel,"37.53756,127.13866",hotels
2537527,LEX Tourist Hotel,"37.514362,127.020454",hotels
2539264,Moon Guesthouse,"37.576065,126.98851",hotels
2539397,S Hotel,null,hotels
2539495,Dongdaemun 2C House,null,hotels
2542071,Daeyang Motel,"37.6572,126.773",hotels
2543627,Mint Guesthouse in Hongdae - Mr. Kim&#39;s Branch,null,hotels
2546608,Egg Guesthouse Korea,null,hotels
2546614,Homestay Seoul Ahn,null,hotels
2553756,An-Nyoung Guesthouse,null,hotels
2571575,Girls Generation Hostel,"37.565983,126.99299",hotels
2616315,Hotel FA,null,hotels
2629757,Soul Guesthouse,null,hotels
2641870,Vogue Hotel,"37.55311,126.93594",hotels
2641873,Carlton Motel,"37.59567,127.09432",hotels
2641878,Shinchon Y,"37.5534,126.936165",hotels
2641883,Cutee Hotel,"37.57204,126.98937",hotels
2641885,JJ Hotel,null,hotels
2642077,Shinchon Eureka Guesthouse,"37.554916,126.933945",hotels
2642160,Hotel S,"37.553616,126.93507",hotels
2642164,Riviera Motel,"37.553642,126.93644",hotels
2642171,Stylish Hotel Ditto,"37.55796,126.942215",hotels
2642177,Hotel Star,"37.499535,127.03545",hotels
2653697,FL Hotel,"37.486923,127.01266",hotels
2658445,Segumjung Blues Guest House,"37.60137,126.96193",hotels
2658481,Big Tree Guesthouse,"37.553947,126.91544",hotels
2662475,Pop Hotel 1,"37.570946,126.98995",hotels
299152,Best Western Premier Seoul Garden Hotel,"37.540817,126.94821",hotels
299154,InterContinental Seoul COEX,"37.513355,127.057365",hotels
299502,New Seoul Hotel,"37.56792,126.97804",hotels
299504,Hotel Vision,"37.564575,127.03632",hotels
299505,Hotel Dongdaemun,"37.57092,127.01015",hotels
299533,ibis styles Ambassador Seoul Gangnam,"37.505074,127.05708",hotels
299536,Novotel Ambassador Seoul Gangnam,"37.505363,127.02844",hotels
299538,Novotel Ambassador Seoul Doksan,"37.46746,126.898",hotels
299776,JW Marriott Hotel Seoul,"37.503353,127.00507",hotels
301253,The Shilla Seoul,"37.556087,127.00512",hotels
301815,The Westin Chosun Seoul,"37.56446,126.9798",hotels
301817,Grand Walkerhill Seoul,"37.555775,127.11091",hotels
302237,Le Meridien Seoul,"37.505142,127.02739",hotels
306113,Orakai Insadong Suites,"37.57327,126.98718",hotels
306114,Grand Hilton Seoul,"37.59,126.934746",hotels
306118,Grand InterContinental Seoul Parnas,"37.508724,127.061035",hotels
306123,Insadong Crown Hotel,"37.573742,126.98795",hotels
306125,Crown Hotel Itaewon,"37.531387,126.99058",hotels
306127,Koreana Hotel,"37.568016,126.97659",hotels
306130,Lotte Hotel Seoul,"37.56577,126.98074",hotels
306136,Hotel President,"37.565567,126.9794",hotels
306168,Hotel Riviera,"37.523968,127.05478",hotels
307024,Guesthouse Korea,"37.576668,126.99103",hotels
307032,Seoul Backpackers,"37.557167,126.97717",hotels
307040,Kensington Hotel Yoido,"37.53051,126.92216",hotels
307042,Seoul YMCA Tourist Hotel,"37.570198,126.98536",hotels
308007,Sejong Hotel,"37.561127,126.98807",hotels
309826,Hamilton Hotel Seoul,"37.534782,126.993996",hotels
3136705,Air Hostel Seoul,"37.571625,127.00347",hotels
3154906,Nyx Hotel,"37.52981,126.83968",hotels
3154922,Seocho-dong Co-op Residence,"37.495487,127.0207",hotels
3154940,Tea Time Share Residence,null,hotels
3154945,New Hilltop Hotel,"37.51125,127.03197",hotels
3154953,Mercure Seoul Ambassador Gangnam Sodowe,"37.5015,127.03552",hotels
3161549,Bando Hotel,"37.57144,126.98393",hotels
3161565,Seoul Hostel Center,"37.571995,126.98089",hotels
3161571,POP@Itaewon Guesthouse,"37.5339,126.989334",hotels
3164521,Namhyundang Guesthouse,"37.5738,126.98539",hotels
3189967,DH Naissance Hotel,"37.592617,127.01854",hotels
3191662,Able Hostel in Dongdaemun,"37.565037,127.00527",hotels
3218799,Elm Tree Guest House,"37.5615,126.97852",hotels
323987,Prince Hotel Seoul,"37.560825,126.98641",hotels
3249458,Space Torra,"37.560974,126.92242",hotels
3254548,U &amp; I Hostel,"37.544167,126.968666",hotels
3272476,Backpackers Space,"37.553112,126.92222",hotels
3274076,KW Pencil Hostel,"37.558777,126.91946",hotels
3274321,Jin&#39;s Paradise,"37.53146,126.99191",hotels
3274728,Sky Motel,"37.571228,126.98959",hotels
3291621,Morning Guesthouse Gangnam 1,"37.49563,127.03286",hotels
3291643,MW Hotel,"37.51123,127.08342",hotels
3291645,Red Fish Guesthouse,"37.58309,126.99799",hotels
3291647,Guesthouse Beehive,"37.55036,126.91796",hotels
3291684,Hotel Yaja Guro,"37.494328,126.84163",hotels
3291686,Mi House,"37.57705,127.02296",hotels
3291691,WS Hotel,"37.554836,126.9352",hotels
3295599,The Place Seoul,"37.579655,126.987366",hotels
3295602,Four Seasons House,"37.5544,126.917114",hotels
3326049,Chiwoonjung,"37.583202,126.9835",hotels
3346189,K-POP Residence Myeongdong 1,"37.563442,126.98522",hotels
3349559,Ultari House 1,"37.55436,126.92345",hotels
3354449,Fully House,"37.587166,126.99611",hotels
3356431,Blooming Serviced Residence Hotel,"37.500706,127.03883",hotels
3356594,Yoo&#39;s Family Guesthouses Byeolhadang,"37.577175,126.99126",hotels
3366752,Hotel Parfe,"37.553295,126.93558",hotels
3368813,Hotel Cello,"37.486168,127.0135",hotels
3369103,K Hostel,"37.574005,127.02006",hotels
3369164,Guesthouse The Maru,"37.54976,126.96921",hotels
3370845,Crib 49 Guesthouse,"37.55708,126.98565",hotels
3370879,Hite Motel,"37.479637,126.9535",hotels
3370998,Blessing In Seoul,"37.58672,127.05214",hotels
3389031,Hotel Tree shade,"37.56537,127.00585",hotels
3389037,Hotel Aventree Jongno,"37.573086,126.98317",hotels
3389245,Seoul 53 Hotel,"37.575,126.98944",hotels
3389289,Pearl Hotel,"37.5746,126.98425",hotels
3433133,Lavinia,"37.57517,126.98939",hotels
3438789,Lodge 82,"37.5145,126.92117",hotels
3438793,Sloth guesthouse,"37.532703,126.99078",hotels
3447139,Hawseongjang,"37.57303,126.98872",hotels
3477036,Myeongdong Town Guesthouse,"37.567192,126.98975",hotels
3477065,Seoul N Hotel Dongdaemun,"37.573444,127.02077",hotels
3477071,N Fourseason,"37.557014,126.97975",hotels
3477077,NJoy Seoul,"37.556686,126.923",hotels
3477083,Hotel Skypark Central Myeongdong,"37.564648,126.98524",hotels
3477095,Motel Yam Sinchon,"37.553425,126.93592",hotels
3477113,Mong Hotel,"37.56884,126.98862",hotels
3477119,Family House Tel,"37.559593,126.92335",hotels
3531768,DSBC,"37.53583,126.90171",hotels
3531770,Yooginong Guesthouse,"37.553043,126.90741",hotels
3540785,B My Guesthouse,"37.558414,126.98383",hotels
3540875,Boa travel house,"37.558994,126.92844",hotels
3568790,Orange Guesthouse,"37.554794,126.91895",hotels
3568795,Chez Nicolas B&amp;B,"37.530853,127.01068",hotels
3568833,May Hotel Dongdaemun,"37.58854,127.05434",hotels
3568904,Kimchi Guesthouse,"37.57641,126.96958",hotels
3568908,Go Woon Dang,"37.578903,126.97275",hotels
3568954,Hotel Time,"37.556946,126.941895",hotels
3568977,Koose Motel,"37.576336,126.98993",hotels
3571239,Greentel,"37.568512,126.9884",hotels
3571244,Just Stay Hotel,"37.566223,127.00497",hotels
3575113,Motel Zero,"37.57456,126.99685",hotels
3575497,We2 Hotel,"37.511177,127.07941",hotels
3575500,Hotel Star,"37.571507,126.99004",hotels
3575561,Hotel Unique by Foret,"37.603733,127.06224",hotels
3575583,Seoul Loft Apartments,"37.576424,126.99727",hotels
3581563,Cozzzy Guesthouse,"37.558395,126.91867",hotels
3581568,The Seoul,"37.560963,126.96817",hotels
3595030,Hotel Yaja Yeongdeungpo,"37.518497,126.9101",hotels
3595039,Apple Backpackers Guesthouse,"37.57354,126.99102",hotels
3595040,Staz Hotel Myeongdong 1,"37.56697,126.9913",hotels
3600472,Ceylon Hotel,"37.514996,127.10835",hotels
3612234,Ritz Hotel,"37.65481,127.05773",hotels
3616687,Leo Haus,"37.561626,127.08222",hotels
3618263,Huga Haus Hostel,"37.591137,127.04187",hotels
3618306,Hotel Manu,"37.557076,126.97487",hotels
3618328,Hill Livingtel Nambu Terminal,"37.48582,127.01343",hotels
3618350,E-Residence,"37.513638,127.02103",hotels
3627578,Hotel M,"37.552914,126.93551",hotels
3627933,Khaosan In Seoul,"37.583504,126.99887",hotels
3630329,BNB Chungdam,"37.521908,127.04357",hotels
3640677,Park Hill Residence,"37.546387,126.95976",hotels
3642712,KpopStay,"37.552692,126.92657",hotels
3642742,Ewha Dh Guesthouse,"37.55444,126.94035",hotels
3653244,Gangnam Guesthouse,"37.505695,127.02521",hotels
3656148,Seochon Guesthouse,"37.579063,126.97066",hotels
3656150,Nine Tree Hotel Myeong-dong,"37.561623,126.98592",hotels
3656188,Mong Motel,"37.639526,127.02658",hotels
3660712,New Myeongdong Guesthouse,"37.558857,126.98364",hotels
3661945,SP@Itaewon Guesthouse,"37.53545,126.99245",hotels
3682077,Gom Hostel Dongdaemun,"37.563065,127.00398",hotels
3687344,The JA in Gangnam,"37.50012,127.02486",hotels
3723552,Sarangbang Motel,"37.548645,126.9695",hotels
3793058,Blu GuestHouse 3,"37.55453,126.91792",hotels
3813530,GV Residence,"37.53466,126.99067",hotels
3813601,JJ Residence,"37.55673,126.97858",hotels
3814459,Guest House Myeongdong 2,"37.560444,126.99076",hotels
3814474,FunFunStay Guesthouse,"37.55594,126.92677",hotels
3814669,Guesthouse The Hill,"37.557713,126.98529",hotels
3814735,Soo Guesthouse,"37.558975,126.98646",hotels
3850464,Issue Seoul guest house,"37.55472,126.91421",hotels
3855729,Yellow Brick Jongno Hostel,"37.574627,126.98959",hotels
3858610,Sopoong Guest House,"37.57903,126.97328",hotels
3950995,Two Star Motel,"37.59118,126.9894",hotels
3951109,TM Motel,null,hotels
3965332,Paras,null,hotels
3974714,Samsung Motel,"37.569096,126.98841",hotels
3976703,Sky Motel,"37.5732,126.989",hotels
3977299,Piano Motel,null,hotels
3979548,Opera Motel,null,hotels
3980745,Theme Motel,null,hotels
4006069,Khaosan Seoul Insadong,"37.569817,126.99127",hotels
4006151,Korstay Sookmyung Women&#39;s Univ.,"37.546104,126.97249",hotels
4006171,Rio House Hongdae,"37.5575,126.92426",hotels
4009695,Crossroad Backpackers,"37.554916,126.9278",hotels
4036576,Mrs. Yoon BnB,"37.53182,126.9721",hotels
4052408,Hanok Guesthouse 201,"37.580437,126.98542",hotels
4054919,Motel Rexville,null,hotels
4055360,Mmmio House,"37.569824,127.00301",hotels
4071465,The Grand Hotel Myeongdong,"37.56171,126.98718",hotels
4071531,Dragon Hill Lodge,"37.53188,126.98128",hotels
4105523,Hostel Tommy,"37.574432,126.99111",hotels
4134726,Ibis Ambassador Seoul Insadong,"37.57437,126.98944",hotels
4134729,Lookhome Myeongdong,"37.55833,126.98578",hotels
4134785,SS Guest House Seoul Station,"37.551495,126.96891",hotels
4134800,Hotel The Designers Hongdae,"37.551956,126.91764",hotels
4134801,Vision Guesthouse,"37.509136,127.08513",hotels
4134889,Motel Yam Jongno,"37.572598,127.00421",hotels
4134983,Diva Hotel,"37.567993,127.06934",hotels
4134992,Roo Roo Residence,"37.556496,126.99316",hotels
4135103,Pharos Tourist Hotel,"37.511124,127.08135",hotels
4135265,Benikea Hotel KP,"37.589397,127.056755",hotels
4135823,Kukje Myeongdong House,"37.559357,126.98865",hotels
4135824,Inn-the City Serviced Residence Gangnam,"37.510506,127.02351",hotels
4136289,"U Guesthouse in Hongdae, Seoul","37.549534,126.92065",hotels
4136389,Fortune Hostel,"37.574547,126.98964",hotels
4137678,Maru Guesthouse 2,null,hotels
4137679,Mind Hotel,"37.47881,126.89095",hotels
4137680,Hotel Grammos,"37.50235,127.039925",hotels
4153722,Maruji Guesthouse,"37.5617,126.92024",hotels
4170932,Duri Guest House,"37.591625,127.03713",hotels
4170938,Dongdaemun Hostel,"37.57082,127.01139",hotels
4193521,SH Seoul Hongdae,"37.557743,126.92435",hotels
4344758,Suitcasers,"37.562157,126.97781",hotels
4354707,Hotel Aropa Namdaemun,"37.563198,126.97808",hotels
4354716,Agrina Guesthouse,"37.558037,126.995476",hotels
4409027,Jongno Lemontree Hotel,"37.57233,126.99107",hotels
4412261,Hostel Korea 11th - Changdeokgung,"37.57624,126.99032",hotels
4412263,Fraser Place Namdaemun Seoul,"37.56134,126.97631",hotels
4412264,Garosu Stay,"37.522026,127.02109",hotels
4412459,Pigfly House,"37.557774,126.92429",hotels
4462683,Kimchee Sinchon Guesthouse,"37.558224,126.92935",hotels
446846,Ramada Seoul,"37.51066,127.04507",hotels
447939,Mayfield Hotel &amp; Resort,"37.547523,126.81879",hotels
447940,Hotel Double A,"37.5605,126.99033",hotels
447945,Yoido Hotel,"37.530167,126.925385",hotels
4504693,Bridge Backpackers,"37.555946,126.93065",hotels
4504699,Irang Hanok Stay,"37.581318,126.98898",hotels
4507857,Kstar House,"37.558083,126.96907",hotels
454920,Yeongdong Hotel,"37.517525,127.02447",hotels
455446,Sheraton Seoul Palace Gangnam Hotel,"37.500893,127.00167",hotels
455448,California Hotel,"37.506584,127.03223",hotels
455538,Euljiro CO-OP Residence,"37.56645,127.00553",hotels
455856,Metro Hotel,"37.565098,126.98372",hotels
455859,Central Tourist,"37.568714,126.99297",hotels
455860,Jamsil Tourist Hotel,null,hotels
455861,The Kims Tourist Hotel,null,hotels
455862,Hotel Dong Seoul,"37.53422,127.09186",hotels
455973,New Kukje Hotel,"37.567802,126.97771",hotels
456115,Hotel Prima Seoul,"37.52472,127.052246",hotels
4590180,Travelers Planet Hostel,"37.56142,126.92105",hotels
4590202,Samho Park Hotel,"37.566048,127.05425",hotels
4590208,K-POP Starz House,"37.522205,127.04324",hotels
4608574,JJ Residence,"37.55678,126.97852",hotels
4608638,May guesthouse,"37.548183,126.92388",hotels
4749758,24guesthouse Dongdaemun Style,"37.576256,127.0227",hotels
4763185,Mamas &amp; Papas Hongdae Guesthouse,"37.549435,126.92057",hotels
4777343,Cindy&#39;s B&amp;B,"37.59602,126.96506",hotels
4777440,24 Guesthouse Dongdaemun,"37.565426,127.00906",hotels
477908,Coatel Chereville,"37.493923,127.0279",hotels
4783677,Insadong Hostel,"37.57492,126.98463",hotels
4884030,Moon&#39;s Hostel,"37.560627,126.99118",hotels
4913610,Sieoso Hotel,"37.5657,126.991264",hotels
500996,Vista Walkerhill Seoul,"37.555218,127.11091",hotels
5020087,HueAhn Guesthouse,"37.580162,126.98654",hotels
5039804,Sinchon Yasuragi,"37.557854,126.93481",hotels
505891,"RYSE, Autograph Collection","37.554543,126.921165",hotels
506101,Hotel Sunshine,"37.520542,127.02875",hotels
506326,Kyung Nam Tourist Hotel,"37.570454,127.070564",hotels
506801,Noblesse Yeoksam Hotel Seoul,null,hotels
5122452,Sazanami Guesthouse,"37.56034,126.98766",hotels
5250436,The Summit Hotel Seoul Dongdaemun,"37.562283,127.00664",hotels
5252365,Hotel Factory,"37.572067,126.98818",hotels
5252370,Local Stitch,"37.553947,126.91698",hotels
5287499,New Sun Guesthouse Myeongdong,"37.558018,126.98113",hotels
535491,California Tourist Hotel,"37.494278,127.11895",hotels
5460911,Tmark Hotel Myeongdong,"37.562622,126.99267",hotels
547045,Airport Hotel Seoul,null,hotels
5484623,MuMum Guesthouse,"37.580074,126.98726",hotels
5540457,Hotel Atrium Jongno,"37.571712,126.99799",hotels
5540642,Bigbang Hostel,"37.56593,126.99305",hotels
5541130,Hato Guest House,"37.561424,126.926636",hotels
5541135,G.O.D Guest House,"37.55875,126.90854",hotels
5541138,Charm House,"37.583076,126.98593",hotels
555275,Park Hyatt Seoul,"37.508526,127.06414",hotels
557914,Wow! Guest House,null,hotels
5579765,It Place Korea,"37.50559,127.02242",hotels
558060,Hotel River Park,"37.54854,126.87819",hotels
558396,Nest B&amp;B,null,hotels
569419,Gangnam Family Hotel,"37.506218,127.03044",hotels
578729,Hotel Victoria,"37.61002,127.03081",hotels
582965,Provista Hotel,"37.495113,127.01854",hotels
582966,Tiffany Tourist Hotel,null,hotels
582967,Yim&#39;s House,"37.576378,126.99092",hotels
587051,Myeongdong Guest House,"37.560383,126.9872",hotels
5895849,Coop City Hotel BMK,"37.495804,126.84492",hotels
5895936,Uwa Guesthouse,"37.5604,126.92304",hotels
5895977,Lee&#39;s Garden,"37.55905,126.98653",hotels
5895982,24 guesthouse Edae,"37.555923,126.945625",hotels
5895986,24guesthouse Daehakro,"37.582268,127.00253",hotels
5895989,24Guesthouse Insadong,"37.56923,126.98715",hotels
5896602,Xeromine Guesthouse,"37.535477,126.99216",hotels
5897152,Seoul Global Hostel,"37.558334,126.98508",hotels
5897190,Gyeongbokgung Guest House,"37.582977,126.98039",hotels
5897213,Urbanwood Guesthouse,"37.555687,126.92684",hotels
5963221,Golden Seoul Hotel,"37.547832,126.87813",hotels
5970253,Hotel Familia Inn,"37.571964,127.01343",hotels
598299,Hotel Atrium Vabien II,"37.565212,126.96767",hotels
602902,Western CO-OP Hotel &amp; Residence,"37.566414,127.003296",hotels
6034361,UJA Guesthouse,"37.550358,126.91797",hotels
607466,Hotel Valentine,null,hotels
6104325,Salut ABC Guesthouse,"37.548782,126.92242",hotels
6104327,Gaonjae,"37.582638,126.9831",hotels
6104646,Hostel KW Gangnam,"37.50424,127.02206",hotels
6104681,Wonnie&#39;s Guest House,"37.560215,126.92196",hotels
6104831,Feliz Guesthouse,"37.554443,126.96764",hotels
6104852,Solarium City,"37.63517,127.02607",hotels
6104872,The Rooming House,"37.56538,126.92139",hotels
611304,Ibis Ambassador Seoul Myeongdong,"37.56419,126.98259",hotels
6160692,Philstay Ehwa Womans Univ.,"37.558025,126.94462",hotels
6160747,Neo Seoul Guesthouse,"37.554607,126.91818",hotels
619065,Hyundai Residence,"37.563717,127.00051",hotels
622211,Fraser Place Central Seoul,"37.56238,126.96911",hotels
6225403,24 Guesthouse Jongno Tower,"37.571663,127.00008",hotels
6226170,Moon Hostel,"37.560497,126.92485",hotels
634779,Hotel Benhur,null,hotels
6352655,Gung Guest House,"37.574352,126.99138",hotels
6378634,24guesthouse Garosu-gil,"37.520267,127.02263",hotels
6378649,I.T.W Hotel,"37.534428,126.995766",hotels
6380504,Kimchee Dongnimmun Guesthouse,"37.57394,126.9592",hotels
6400700,Bounce Guesthouse,"37.561287,126.91938",hotels
6476325,Film 37.2 Hotel,"37.51644,127.1128",hotels
6476794,Miso Guesthouse,"37.55763,126.927315",hotels
6476847,Hotel Mido,"37.558754,126.98062",hotels
6476900,Hotel Loft,"37.534977,126.89885",hotels
6476902,24guesthouse Gangnam Center,"37.50399,127.0335",hotels
6476903,24guesthouse Myeongdong Avenue,"37.561317,126.97766",hotels
6476904,24guesthouse Dongdaemun Market,"37.570614,127.01018",hotels
6483063,Chloe Guest House,"37.51712,127.01968",hotels
649806,Han Suites Serviced Residences,"37.560055,126.991196",hotels
650959,Best Western Premier Hotel Kukdo,"37.566376,126.99638",hotels
6535744,Hotel The Designers Jongno,"37.56915,126.988846",hotels
6536275,Korstay Jonggak Insadong,"37.57084,126.9846",hotels
6541532,OMG Hostel,"37.559425,126.92443",hotels
6541616,Hotel Tong Andante Insadong,"37.57127,126.9854",hotels
6552893,Oppa Hostel,"37.557648,126.94359",hotels
6552915,Hotel Karashy,"37.47709,126.98041",hotels
6552922,Morning Sky Residence,"37.57341,127.02234",hotels
6556234,Hotel Cullinan Jongno,"37.57196,126.98936",hotels
6556289,BJ Hotel,"37.54949,126.84844",hotels
6556403,Days Hotel Myeongdong,"37.560772,126.98369",hotels
655897,Vabien Suite I Serviced Residence,"37.564064,126.96833",hotels
6561923,the BOOT Guesthouse,"37.56068,126.99488",hotels
6591787,Kimchee Downtown Guesthouse,"37.560814,126.96514",hotels
6591870,Namsan Hill Hotel,"37.556736,126.982506",hotels
661056,The-K Hotel Seoul,"37.466606,127.03297",hotels
6622669,G Itaewon Guest House,"37.533184,126.99495",hotels
6622670,Won&#39;s Ville Myeong-dong,"37.560665,126.98972",hotels
6628354,Haechi Hostel,null,hotels
6662767,Ujin Motel,"37.55272,127.15504",hotels
6662999,24 Guesthouse Namsan Garden,"37.558895,126.98507",hotels
6663003,Lotte City Hotels Guro,"37.485394,126.89638",hotels
6680392,Hotel The Designers Yeouido,"37.528248,126.92008",hotels
673519,Prime in Seoul Hotel,"37.616886,126.92383",hotels
673725,Hotel Elle Inn,"37.541737,126.97219",hotels
6759613,Unni House,"37.57632,127.02235",hotels
6759626,Small House Big Door,"37.567093,126.9821",hotels
6759637,Ultari Hostel,"37.553864,126.93562",hotels
6816705,Manaedang Guesthouse,"37.58147,126.98702",hotels
6817242,Philstay Dongdaemun DDP,"37.564957,127.00657",hotels
6871129,24guesthouse Seoul Station Premier,"37.55361,126.97472",hotels
6871335,IU Guesthouse,"37.55776,126.98368",hotels
6876146,Ramada Encore Seoul Dongdaemun,"37.57618,127.02603",hotels
6941461,Reading Bank,"37.501263,127.10868",hotels
6941478,YaKorea Hostel Dongdaemun,"37.559807,127.0132",hotels
6941511,Hide &amp; Seek GuestHouse,"37.577995,126.97279",hotels
6941825,Benikea Seoul Hotel,"37.5568,126.85999",hotels
6941842,K-POP Hotel Seoul Station,"37.554688,126.974075",hotels
6960801,Seoul City Hotel,"37.558258,126.981155",hotels
6998634,ibis budget Ambassador Seoul Dongdaemun,"37.564297,127.00858",hotels
6998671,YE&#39;4 Guesthouse,"37.567497,126.91958",hotels
7034132,Hyosunjae Hanok Guesthouse,null,hotels
7043159,Cheong Yeon Jae Hanok Hotel,"37.58033,126.985634",hotels
7043480,Artist 77 House,"37.52682,127.0514",hotels
7043488,Hotel Imt,"37.569035,126.99029",hotels
7053601,Icos Guesthouse 2,null,hotels
7053783,Dongdaemun Hwashin Hostel,"37.56522,127.00339",hotels
7053968,Hotel Gaon,null,hotels
7054436,Hotel Tong Seoul Myeongdong,"37.56198,126.97647",hotels
7054545,Shilla Stay Yeoksam,"37.504753,127.04153",hotels
7064499,MOM House,"37.560486,126.9867",hotels
7064545,Big John&#39;s Place,null,hotels
7065399,The Mei Forestvill,"37.562428,127.00747",hotels
7065406,Chachacha Guest House,"37.551075,126.90551",hotels
7074384,D.H Sinchon Guesthouse,"37.552628,126.93677",hotels
7074389,Hotel Eastern I,null,hotels
7074449,Story House Jamsil,"37.53423,127.121765",hotels
7074454,Hotel QB,null,hotels
7074490,Good Morning Parktel,"37.563942,126.99981",hotels
7074636,Snow Hotel,null,hotels
7074669,Hostel Chloe,"37.56862,126.98862",hotels
7074698,Gogo Guesthouse,null,hotels
7089473,Skycity Residence,"37.522923,126.883286",hotels
7089489,Hostel KW Sinsa,"37.5126,127.01864",hotels
7103191,Cheongdam Guesthouse,"37.525665,127.05014",hotels
7103647,Inno Hostel &amp; Pub Lounge Hongdae,"37.553623,126.91419",hotels
7107794,The Haemil Feel Like Home,"37.562107,126.926346",hotels
7107952,Dalzip Bukchon,"37.584137,126.983444",hotels
7112812,Gateway Korea Guesthouse,"37.550346,126.917915",hotels
7134179,Ekonomy Hotel Myeongdong Premier,"37.56151,126.984535",hotels
7161281,Dodam Guesthouse,"37.5351,126.9928",hotels
7161309,Insandong Design Hostel,null,hotels
7178669,Hoam Faculty House,null,hotels
7181422,Hotel Bonbon,"37.56649,126.98237",hotels
7183894,Capetown,"37.506355,127.05193",hotels
7186671,Albergue Guesthouse,"37.56386,126.92399",hotels
7221558,Vin Guest House,null,hotels
7221841,JNJ Residence,"37.47866,126.89115",hotels
7244241,GLAD Hotel Yeouido,"37.527695,126.91745",hotels
7268921,Urban Place Gangnam,"37.49163,127.02915",hotels
7269014,SR Hotel Seoul Magok,"37.56109,126.83942",hotels
7274687,Ocloud Hotel,"37.503033,127.02389",hotels
7274718,Hostel Vanilla 2,"37.57474,127.01638",hotels
7274742,STEP INN Myeongdong 1,"37.564102,126.98537",hotels
7289673,YaKorea Hostel Hongdae,"37.557335,126.92918",hotels
7289688,K-POP HOTEL Seoul Tower,"37.55673,126.97714",hotels
7296172,Cozy Box Guest House,"37.55843,126.94314",hotels
7305732,Hostel The Style,"37.55955,126.923546",hotels
7353793,Bodeum Guest House,null,hotels
7353880,Petit House Nobuko,null,hotels
7356220,Fiona,null,hotels
7356275,Changdeokgung Sodam,"37.576298,126.99063",hotels
7356344,Valt Hotel,null,hotels
7356359,Log-Inn Guesthouse Seoul,"37.561764,126.92156",hotels
7356363,Gaon Golden Park,"37.57083,127.01447",hotels
7356365,Rainbow Hotel Myeongdong,"37.56252,126.992134",hotels
7358712,Staz Hotel Myeongdong II,"37.562553,126.9906",hotels
7358746,House 740,"37.558037,126.920975",hotels
7358751,Sheel Motel,null,hotels
7358763,Star Guest House,"37.561848,126.97801",hotels
7367802,Leo Guest House Hongdae,null,hotels
7367825,May Place Seoul Dongdaemun,"37.576206,126.99862",hotels
7367829,Jouvence Motel,"37.563423,127.035034",hotels
7382024,Hotel Atti Seongsu,"37.54373,127.05695",hotels
7390323,Lazy Fox,"37.553524,126.913925",hotels
754311,Ramada Hotel and Suites Seoul Namdaemun,"37.560467,126.97217",hotels
7597494,Songpa Hostel,"37.50829,127.1113",hotels
7597620,Cocoa Guesthouse,"37.549755,126.92175",hotels
7597626,Twin Rabbit Guesthouse,"37.56058,126.92258",hotels
7597655,Hotel Nafore,"37.569046,126.990555",hotels
7613319,Ibis Styles Ambassador Seoul Myeongdong,"37.56166,126.98929",hotels
7619069,AMASS Hotel,"37.57721,126.99095",hotels
7619090,D Seven Suites,"37.572186,127.01607",hotels
7640343,Dongdaemun Inn,null,hotels
7647148,Loisir Hotel Seoul Myeongdong,"37.561176,126.98462",hotels
7654137,Hotel Kyoungdong,null,hotels
7654211,Hotel Denim,"37.475864,127.04651",hotels
7654241,Dongdaemun Wellbeing Hostel,null,hotels
7654251,Hotel Boutique 9,null,hotels
7654275,Aroha Guest House,"37.55176,126.974396",hotels
7654277,Mk Liberty House Seoul Station,"37.55448,126.96899",hotels
7658156,NJoy Guesthouse,"37.55456,126.96837",hotels
7679094,Hostel Korea 10th,null,hotels
7685026,Stay B Hotel Myeongdong,"37.56331,126.99287",hotels
7685036,Plan A Hostel,null,hotels
7685049,Gonggam Guesthouse,null,hotels
7685088,K-girl Guesthouse Female Only,null,hotels
7685101,Namsan City Hotel Myeongdong,"37.55798,126.97847",hotels
7685521,Harmony Hotel,"37.538303,127.13796",hotels
7685665,Hotel The-Ore,"37.555614,126.92047",hotels
7686966,KW Hongdae Hostel,null,hotels
7686969,Shilla Stay Seodaemun,"37.565163,126.96675",hotels
7687019,Golden Pond Guest House,null,hotels
7687450,24 Guesthouse Jongno 3ga Station,"37.572895,126.99228",hotels
7701462,Nanu Guesthouse Black,"37.555363,126.92996",hotels
7701584,Well Plus BnB Guest House,"37.55842,126.9856",hotels
7701591,Nuhadang Hanok Guesthouse,"37.579826,126.968475",hotels
7701863,1969 GuestHouse,"37.562233,126.92334",hotels
7717643,Jenna Suite,null,hotels
7717649,May&#39;s House,null,hotels
7738820,Coups Hotel,null,hotels
7762294,Jamsil Guest House,null,hotels
7788085,Grim Hotel,null,hotels
7790767,K-guesthouse Myeongdong 2,"37.56187,126.986946",hotels
7790768,K-guesthouse Insadong,"37.573547,126.98618",hotels
7790781,K-Hotel,"37.545223,126.93005",hotels
7792581,K-POP Residence Dongdaemun,"37.563335,127.00685",hotels
7793011,Seoul Sweet Style Guest House,"37.55819,126.91954",hotels
7810424,Oriens Hotel &amp; Residences,"37.56005,126.99114",hotels
7815269,Chisun Hotel Seoul Myeongdong,"37.564148,126.99848",hotels
7834720,"Four Points by Sheraton Seoul, Namsan","37.535984,126.97135",hotels
7834994,Sunrise Inn Dongdaemun,"37.575733,127.02177",hotels
7835598,Cozyplace Guesthouse,null,hotels
7905854,In Seoul Guesthouse,"37.570644,126.98739",hotels
7905978,Itaewon Land Guest Room,"37.53433,126.99726",hotels
7917969,Bibimbap Guesthouse,"37.573364,126.98976",hotels
7951531,Hotel Sky,null,hotels
7954585,Goguma Hotel,null,hotels
799326,CasaVille Residence Sinchon,"37.55448,126.93597",hotels
7997916,Seoul N Stay Hostel,"37.564976,127.00211",hotels
7998017,Trick Art Guest House Hongdae,"37.56208,126.92403",hotels
8024697,K-guesthouse Sinchon 2,"37.55455,126.93492",hotels
8024699,K-guesthouse Myeongdong 1,"37.560696,126.9833",hotels
8026730,Naru Hostel,null,hotels
8070350,Hotel Stay Inn,"37.551964,126.97375",hotels
8073776,Leo Guesthouse,null,hotels
8073792,Town Guest House 2,"37.552605,126.967445",hotels
8073848,Namsan Guest House 3,"37.559166,126.98511",hotels
8076702,Holiday Inn Express Seoul Euljiro,"37.5666,126.98949",hotels
8076781,Bauhaus Guesthouse,"37.562744,126.92574",hotels
8092982,Moon Sun Guesthouse,null,hotels
8093043,Ekonomy Hotel Myeongdong Central,null,hotels
8098623,Namsan Guesthouse,"37.558033,126.98453",hotels
8107148,Seoul Sweet Theme Guest House,null,hotels
8107311,Lin Hotel,null,hotels
8110812,Boree Hotel,"37.49497,127.036644",hotels
8114042,Park Avenue Guest House,"37.562386,126.92299",hotels
8118189,Shilla Stay Mapo,"37.542778,126.94963",hotels
8261880,Stay Now Guest House,"37.562965,126.92563",hotels
8285182,Star Hostel Dongdaemun Suite,"37.571613,127.00291",hotels
8285373,Cube Guesthouse,null,hotels
8289152,The One Hostel,null,hotels
8294557,Motel Daeha,null,hotels
8298647,The Stay Hotel,"37.56171,126.98674",hotels
8298699,Nanu Guesthouse Pink,"37.55895,126.92575",hotels
8299865,Housetay 2,null,hotels
8299878,Casa Myeongdong Guesthouse,"37.56189,126.98767",hotels
8299926,Dongdaemun Maxtyle Guesthouse,null,hotels
8300169,Dream Guest House,null,hotels
8300448,Hotel Richwell,null,hotels
8308055,N Guest House Itaewon,"37.53256,126.99252",hotels
8317146,BoBo Memberstel SNU Branch,"37.48009,126.95532",hotels
8317279,Grand Field Residence Hostel,"37.5594,126.98411",hotels
8322447,Hotel Peyto Gangnam,"37.486523,127.033134",hotels
8323639,Haedamchae Stay,null,hotels
8368838,Hotel 8 Hours,"37.562202,126.97791",hotels
8368983,Gana Myeongdong Guesthouse,"37.560333,126.98731",hotels
8369100,Be My Guest,"37.533234,126.993225",hotels
8404072,Dragon Hill Spa &amp; Resort,"37.528004,126.96477",hotels
8404091,Bong Backpackers,null,hotels
8428750,Hongdae Chef Guesthouse,"37.54722,126.91266",hotels
8457967,Top Hotel,"37.55897,126.97985",hotels
8458163,24guesthouse Myeongdong Town,"37.559456,126.97897",hotels
8458286,Charim Guesthouse,"37.564926,127.007355",hotels
8458309,Lumia Hotel,"37.55804,126.97965",hotels
8458325,Philstay Dongdaemun Economic,"37.5663,127.00394",hotels
8458377,Top Hotel &amp; Residence,"37.57352,126.98886",hotels
8476641,The Mei Haus,"37.567745,126.919075",hotels
8476681,Seoul Dalbit DDP,"37.56165,127.00555",hotels
8476780,Hamory Guesthouse,"37.56542,127.00943",hotels
8476956,Myeongdong Guesthouse ZZ,"37.560677,126.986885",hotels
8492267,Eel Guest House,null,hotels
8522945,Lotte City Hotel Myeongdong,"37.566803,126.98803",hotels
8523103,57 Myeongdong Hostel,"37.56093,126.98339",hotels
8555505,Hotel The Designers Dongdaemun,"37.56373,127.00562",hotels
8555913,Patio 59 Guesthouse Hongdae Branch 2,"37.56231,126.92",hotels
8608162,Sotetsu Hotels the Splaisir Seoul Myeong-Dong,"37.56203,126.9789",hotels
8611003,Tara Hotel,null,hotels
8611025,Donggyeong Hotel,null,hotels
8630628,Hotel The Designers LYJ Gangnam Premier,"37.505337,127.02593",hotels
8672688,Han&#39;s House,null,hotels
8672927,Han Guesthouse,null,hotels
8673254,Guesthouse Dodam,null,hotels
8673261,Residence Unicorn in Dongdaemun,null,hotels
8681406,Single House,null,hotels
8681682,Hotel Foreheal,"37.51197,127.023735",hotels
8681704,Olive Guesthouse,"37.55638,126.9161",hotels
8681714,Andy House,null,hotels
8681726,IS at K Guesthouse,"37.53577,126.999954",hotels
8681735,Hotel Cappuccino,"37.5068,127.03149",hotels
8686250,Triangel Guesthouse,null,hotels
8686362,24guesthouse Seoul City Hall,"37.56486,126.97636",hotels
8691139,Service Apartment Seoul Station,"37.55504,126.96838",hotels
8691279,Hotel Peyto Samseong,"37.50849,127.05922",hotels
8691294,Seoul Tower Family Guesthouse,null,hotels
8691395,Star Hostel Insadong,"37.572998,126.99044",hotels
8691874,Yehadoye Guest House,null,hotels
8692195,Vatica Hotel,null,hotels
8692479,Hotel Sleepy Panda Stream Walk,null,hotels
8692780,Guesthouse Embassy,"37.53335,127.00554",hotels
8701716,Mong Motel,"37.576447,127.025406",hotels
8705097,Daon House,"37.559353,126.92548",hotels
8705103,Charlestel Guesthouse,"37.555904,126.926605",hotels
8705143,Cozybox,null,hotels
8705408,Haha Guesthouse,"37.5318,126.97295",hotels
8705421,Just4u Guesthouse,"37.571507,127.00741",hotels
8705711,Hotel Pop 2,"37.571217,126.99004",hotels
8706565,Sunnyhill Guesthouse Hongdae,"37.584385,127.00267",hotels
8706575,Doors Guesthouse,"37.558887,126.92571",hotels
8706793,Housetay Guesthouse 2,"37.555607,126.92561",hotels
8709450,Hotel Nine,"37.570576,127.07133",hotels
8709460,Dream Inn Seoul,"37.486485,126.92988",hotels
8713943,31 Page,"37.582424,127.04865",hotels
8773807,Babylon Tourist Hotel,null,hotels
8773880,Running Man Hostel,"37.565975,126.993195",hotels
8773968,Q Motel,"37.553467,126.93575",hotels
8790387,Comestay,"37.534206,127.11609",hotels
8790502,The AN Hostel,"37.565216,126.98955",hotels
8806838,Glory Inn,"37.56506,127.00212",hotels
8806857,Mir Residnece,"37.56983,127.02232",hotels
9452203,Shilla Stay Gwanghwamun,"37.57244,126.98114",hotels
9454059,Istay,null,hotels
9454368,K-Guesthouse Myeongdong 3,"37.562454,126.985825",hotels
9454415,Acube Hotel,"37.566257,127.00177",hotels
9454482,Hotel Migliore,"37.568066,127.00848",hotels
9454537,Shilla Stay Guro,"37.485657,126.9044",hotels
9457183,Seoul JJ House,null,hotels
9553151,Jiwoljang Guest House,"37.54711,126.9791",hotels
9564232,Doo guesthouse Bukchon 2,"37.579838,126.9865",hotels
9594362,K-guesthouse Premium Gangnam 1,"37.50538,127.025246",hotels
9594414,H Myeongdong Stay,null,hotels
9594423,Gonggam Hotel,null,hotels
9594532,Hotel the Designers Cheongnyangni,"37.58167,127.0476",hotels
9594549,K-Guesthouse Insadong 2,"37.56927,126.98406",hotels
9597881,Prince Hotel,"37.50412,127.053085",hotels
9722314,Seoul Dalbit Dongdaemun Guesthouse,"37.571976,127.01455",hotels
9735758,MUST STAY HOTEL Myeongdong,"37.556904,126.97759",hotels
9751158,Hotel Khan,"37.525063,126.90961",hotels
9764289,Hotel ROinhome,"37.55467,126.91374",hotels
9770463,Usimdang,"37.581554,126.98681",hotels
9796468,Hotel Bene,"37.565052,126.9925",hotels
9799771,Villa Seoul Garosugil,"37.52096,127.02505",hotels
9806494,24 Guesthouse Gyeongbokgung,null,hotels
9806598,Evada Residence,"37.513832,127.02118",hotels
9806612,Hotel Infini,null,hotels
9811641,NagNe House,"37.576736,126.97163",hotels
9820471,IBC Hotel,"37.57339,127.023155",hotels
9861024,J. Garden,null,hotels
9861332,Hotel Venue G,"37.568253,126.99102",hotels
9861769,Blanc Hotel,null,hotels
9861917,E-Hotel,null,hotels
9861925,Most Stay,null,hotels
9865547,K-Guesthouse Premium Myeongdong 4,null,hotels
9982952,Vestin Hostel Myeongdong,"37.561844,126.989426",hotels
