10020510,Hanseong Baekje Cultural Festival,"37.520847,127.11603",attractions
10020511,Hi Seoul Festival,"Seoul,  (Multiple locations, including Seoul Plaza and Cheonggye Plaza)",attractions
10020529,Seoul International Fireworks Festival,"37.528095,126.92417",attractions
10020530,Seoul Lantern Festival,"37.569157,127.00403",attractions
10130671,Hagajae Museum,"37.577007,126.9904",attractions
10183192,Seokchon Lake,"37.508343,127.1",attractions
10210051,Nuzzon,"Seoul 04566,  62, Eulji-ro 45-gil, Jung-gu",attractions
10253186,LINE Friends Flagship Store Myeongdong Station,"37.561398,126.98449",attractions
10253198,Seoul Finance Center,"Seoul 04520,  136, Sejong-daero, Jung-gu",attractions
10270564,COEX Center,"Seoul 06164,  513, Yeongdong-daero, Gangnam-gu",attractions
10288072,D Museum,"37.53687,127.01137",attractions
10376613,Mangwon Hangang Park,"Seoul 04005,  467, Maponaru-gil, Mapo-gu",attractions
10388757,Bukhansanseong Visitor Center,"Seoul 03307,  43-9, Daeseomun-gil, Eunpyeong-gu",attractions
10447913,Dongdaemun History Museum 1398,"Seoul 04566,  281, Eulji-ro, Jung-gu",attractions
1046419,Cheonggyecheon Stream,"37.568733,126.98553",attractions
10464413,CineCore Bibap Theater,"Seoul 03191,  386, Samil-daero, Jongno-gu",attractions
10467804,K-Style Hub,"37.56904,126.981636",attractions
10479243,Baek In-Je House Museum,"37.580803,126.984085",attractions
10483406,Hello APM,"37.557457,126.95412",attractions
1052311,Bank of Korea Museum,"37.562363,126.98146",attractions
10536576,Ewha Mural Village,"Seoul,  Ihwa-dong, Jongno-gu",attractions
10543181,Yoon Dongju Literary Museum,"37.592113,126.96732",attractions
10620641,Jeon-Gak Gallery,"Seoul 110-300,  52 Insadong-gil",attractions
10625757,Myungsung Presbyterian Church,"Seoul,  452 Gucheonmyeon-ro",attractions
10677413,Namsan Outdoor Botanical Garden,"37.54252,126.9963",attractions
10686434,Guro Market,"Seoul 08315,  18, Gurodong-ro 22-gil, Guro-gu",attractions
10686449,Namguro Market,"Seoul 08311,  33, Gurodong-ro 26-gil, Guro-gu",attractions
10720451,Jonggak Avenue of Youth,"37.569542,126.985695",attractions
10758285,Gangnam Style Horse Dance Statue,"37.508587,127.040504",attractions
10779009,Gwanghuimun,"Seoul,  105 Gwanghui-dong, Jung-gu",attractions
10794564,Love Museum,"37.553482,126.92165",attractions
10813620,Seoul Metropolitan Library,"Seoul 04524,  110, Sejong-daero, Jung-gu",attractions
10897838,Bugak Skyway,"Seoul,  San 6-94, Pyeongchang-dong, Jongno-gu,",attractions
10897845,Bugak Palgakjeong Pavilion,"37.601746,126.98039",attractions
11434444,Kukkiwon World Taekwondo Headquarters,"Seoul 06130,  32, Teheran-ro 7-gil, Gangnam-gu",attractions
1163226,Jungbu Market,"37.566235,127.00033",attractions
1169465,N Seoul Tower,"37.551388,126.988106",attractions
1176552,Heojun Museum,"37.567684,126.85114",attractions
11772906,Airport Railroad Travel Center,"Seoul 04301,  378, Cheongpa-ro, Yongsan-gu",attractions
11850082,Bukchon Traditional Culture Center,"37.578953,126.986115",attractions
11850476,Seoul Iris Garden,"Seoul 01318,  916, Madeul-ro, Dobong-gu",attractions
11879393,Noon Square,"Seoul 04536,  14, Myeongdong-gil, Jung-gu",attractions
11879406,Insadong Tourist Information Center,"Seoul 03146,  62, Insadong-gil, Jongno-gu",attractions
11879469,Dongdaemun Underground Shopping Center,"Seoul 03198,  B 308, Yulgok-ro, Jongno-gu",attractions
11879639,Hamilton Shopping Center,"Seoul 04350,  179, Itaewon-ro, Yongsan-gu",attractions
11879686,Hana Art Gallery,"Seoul 03148,  2, Insadong 10-gil, Jongno-gu",attractions
11879752,Myeongdong Underground Shopping Center,"Seoul 04535,  B 72, Namdaemun-ro, Jung-gu",attractions
11879847,Seoul Intercity Bus,null,attractions
11918183,Stylenanda Pink Hotel Flagship Store,"37.562103,126.985306",attractions
11928572,Samcheong Park,"Seoul 03153,  33, Sambong-ro, Jongno-gu",attractions
11960625,Figure Museum,"Seoul,  3, Seolleung-ro 158-gil, Gangnam-gu, Seoul, Korea",attractions
12034029,SRT,"37.486824,127.10248",attractions
12118155,Open Hall,"Seoul 03077,  258-12, Changgyeonggung-ro, Jongno-gu",attractions
12134415,Gyeonggyojang,"37.56836,126.96748",attractions
12202187,Gyeongui line forest,"37.55651,126.92833",attractions
12238654,Lotte Mall Eunpyeong,"Seoul 03306,  1050, Tongil-ro, Eunpyeong-gu",attractions
12309166,Seoul Sky,"37.51264,127.10249",attractions
12339161,Jamsil Sports Complex,"Seoul 05500,  25, Olympic-ro, Songpa-gu",attractions
1235392,Jogyesa Temple,"37.573803,126.98223",attractions
12447861,Jonggak Basement Shopping Center,"Seoul 03164,  73, Jong-ro, Jongno-gu",attractions
12459260,Seoullo 7017,"37.556667,126.97214",attractions
12459280,Citistar Mall,"Seoul 04533,  B 12, Eulji-ro, Jung-gu",attractions
12496146,Yoon's Color,"Seoul 04067,  12, Wausan-ro 14-gil, Mapo-gu",attractions
12499622,Baekbeom Plaza,"37.555042,126.97916",attractions
12538661,Express Bus Terminal Shopping Center,"Seoul 06545,  194, Sinbanpo-ro, Seocho-gu",attractions
12538691,apm Place,"Seoul 04565,  276, Eulji-ro, Jung-gu",attractions
12587887,Yeoksam Catholic Church,"Seoul 06222,  23-11, Eonju-ro 85-gil, Gangnam-gu",attractions
12635586,Starfield Library,"37.509964,127.0604",attractions
12657697,Yangcheon Hyanggyo,"Seoul 07521,  53, Yangcheon-ro 47na-gil, Gangseo-gu",attractions
12673929,Soaknu Pavillion,"Seoul,  San4-7, Gayang-dong, Gangseo-gu",attractions
12763399,Statue of Peace,"Seoul,  22, Yulgok-ro 2-gil, Jongno-gu",attractions
12841946,Lotte Concert Hall,"Seoul 05551,  300, Olympic-ro, Songpa-gu",attractions
12847901,Mapo Community Welfare Facility,"Seoul 03930,  40, World Cup buk-ro 44-gil, Mapo-gu",attractions
12881807,Nanjicheon Park,"Seoul,  1731-5, Sangam-dong, Mapo-gu",attractions
12910217,L¡¯atelier,"37.56907,127.00724",attractions
12928976,Digital Media City Gallery,"Seoul 03926,  366, World Cup buk-ro, Mapo-gu",attractions
12948626,Itaewon Children's Park,"Seoul 04345,  Noksapyeong-daero 46-gil, Yongsan-gu",attractions
12986884,Dongdaemun Seonggwak Park,"37.57195,127.00905",attractions
12986922,Sogongdong Underground Shopping Center,"Seoul 04533,  106, Sogong-ro, Jung-gu",attractions
12986927,Mapo Oil Tank Culture Park,"Seoul 03914,  87, Jeungsan-ro, Mapo-gu",attractions
13004245,Gongdeok Market,"Seoul 04214,  19, Mallijae-ro, Mapo-gu",attractions
13086721,House of Former President Choi Kyu-hah,"Seoul 04003,  10, Donggyo-ro 15-gil, Mapo-gu",attractions
13086792,Umyeonsan Mountain,"Seoul,  Seocheon-dong, Seocho-gu",attractions
13123227,Jangchung Arena,"Seoul 04605,  241, Dongho-ro, Jung-gu",attractions
13138039,Yonsei University Sinchon Campus,"Seoul 03722,  50, Yonsei-ro, Seodaemun-gu",attractions
13141984,Boramae Park,"Seoul 07062,  33, Yeouidaebang-ro 20-gil, Dongjak-gu",attractions
13147874,Statue of Peace,"Seoul 06656,  29, Banpo-daero 27-gil, Seocho-gu",attractions
13151759,Statue of Peace,"Seoul 01770,  450, Deongneung-ro, Nowon-gu",attractions
13151875,Statue of Peace,"Seoul 02833,  11, Dongsomun-ro 3-gil, Seongbuk-gu",attractions
13151896,Statue of Peace,"Seoul 04518,  9, Jeongdong-gil, Jung-gu",attractions
13152278,Statue of Peace,"Seoul 01074,  351, Dobong-ro, Gangbuk-gu",attractions
13152481,Statue of Peace,"Seoul,  192-3, Haengdang-dong, Seongdong-gu",attractions
13155667,Statue of Peace,"Seoul 01427,  Dobongguminhoegwan 552 Dobong-ro",attractions
13155689,Statue of Peace,"Seoul,  34-2, Itaewon-dong, Yongsan-gu",attractions
13169763,World Peace Gate at Olympic Park,"Seoul 05540,  424, Olympic-ro, Songpa-gu",attractions
13172633,Gyeongui Line Book Street,"Seoul 04052,  50-4, Wausan-ro 35-gil, Mapo-gu",attractions
13172639,Asia Park,"Seoul 05572,  44, Olympic-ro, Songpa-gu",attractions
13199013,Ikseon-dong Hanok Street,"37.57343,126.98951",attractions
13222799,Mok Eun Seonsaeng Shrine,"Seoul 03151,  76, Jong-ro 5-gil, Jongno-gu",attractions
13229785,Seoul Comics Road Zaemiro,"Seoul 04629,  Toegye-ro 20-gil, Jung-gu",attractions
13319719,Yeongcheon Market,"Seoul 03734,  704, Seongsan-ro, Seodaemun-gu",attractions
13319724,Mangwon Market,"Seoul 04010,  14, Poeun-ro 8-gil, Mapo-gu",attractions
13412916,Ssentoy Museum & Showroom,"Seoul 04340,  105, Namsangongwon-gil, Yongsan-gu",attractions
13433251,International Seon Center,"37.520996,126.87004",attractions
13436805,Gimpo International Airport Observatory Deck,"Seoul 07505,  78, Haneul-gil, Gangseo-gu",attractions
13553491,Jongno Public Relations Hall,"Seoul 03156,  24-29, Jong-ro 3-gil, Jongno-gu",attractions
13651545,Hyundai Card Music Library,"37.536587,127.00066",attractions
13688351,House of Go Hui-dong,"Seoul 03051,  40 Changdeokgung 5 - gil, Jongno-gu",attractions
13794376,Templestay Information Center,"37.573895,126.98318",attractions
13798962,China Cultural Center,"37.574566,126.97133",attractions
1379963,Bukchon Hanok Village,"37.582767,126.98356",attractions
1383392,The Shilla Duty Free Seoul,"37.557194,127.00736",attractions
1383393,Migliore Dongdaemun Shop,"37.568066,127.008934",attractions
13860017,Yeongchwisa,"37.619324,126.99473",attractions
13954612,Seongnae-dong Octopus Street,"37.537117,127.12619",attractions
13956902,Samo Bawi,"Seoul 03007,  449, Jinheung-ro, Jongno-gu",attractions
13999912,Gangnam Style Horse Dance Stage,"Seoul 06134,  406, Gangnam-daero",attractions
14015599,Pungnaptoseong Fortress,"37.53459,127.1206",attractions
14021823,Waryongmyo Shrine,"37.554836,126.98664",attractions
14064107,Popcond Square,"Seoul 04377,  Hang-dang-dae-ro, 23-gil, 55 Yongsan-gu",attractions
14101026,Jongno Catholic Church,"37.57117,126.996635",attractions
14108530,Youngnak Church,"37.563328,126.98895",attractions
14112185,Shinheung Market,"37.545475,126.98481",attractions
14112773,Moraenae Market,"37.570427,126.91544",attractions
14135425,Jongmyo Square Park,"37.572933,126.994354",attractions
14147985,Okin Church,"37.582184,126.97034",attractions
14148633,Namdaemun Community Lounge,"37.560284,126.977196",attractions
1418675,COEX Center,"37.513798,127.058105",attractions
14202310,Hwarangdae Station - Closed Station,"37.624542,127.09266",attractions
14202847,Gyeongchun Supgil,"37.632008,127.06794",attractions
14202981,Ansan Jarak-gil,"37.568314,126.94721",attractions
1440196,Seodaemun Prison History Hall,"37.574574,126.956665",attractions
14455910,Hwanghakjeong Archery Field,"37.576195,126.974014",attractions
14771392,Queen Mama Market,"37.525322,127.035675",attractions
14774067,Seokhojeong,"37.554775,126.99866",attractions
1478599,Dongdaemun Shopping Complex,"37.568348,127.00919",attractions
14789834,Seoul Children's Museum,"37.549362,127.08181",attractions
1489411,Seven Luck Casino Gangbuk Hilton,"37.555824,126.975555",attractions
14956599,Jonglo3ga Pojangmacha Geoli,"Seoul 03193,  Jong-ro, Jongno-gu",attractions
14965598,Birding Korea,null,attractions
14975451,Dongdaemun History & Culture Park,"37.566753,127.0101",attractions
14975458,Jongno Tower,"Seoul 03161,  51, Jong-ro, Jongno-gu",attractions
14975672,Dongdaemun Stadium Memorial,"Seoul 04566,  281, Eulji-ro, Jung-gu",attractions
1519813,Hangang Park,"37.52343,127.00215",attractions
1532473,Nampyeonghwa Sangga,"37.569164,127.01081",attractions
1537022,Dongdaemun Market,"37.569645,127.00944",attractions
1549822,Inwangsan Mountain,"37.57841,126.95928",attractions
1551271,Namsangol Hanok Village,"37.559303,126.994446",attractions
1552278,Gwangjang Market,"37.570377,127.0009",attractions
1554603,Changgyeonggung Palace,"37.57883,126.99468",attractions
1579821,Statue of Sejong the Great,"37.57272,126.976944",attractions
1604009,Garosu-gil,"37.52046,127.02281",attractions
1627541,Star Avenue at Lotte World,"37.511253,127.09839",attractions
1643534,Hangaram Art Museum,"37.48014,127.01394",attractions
1675961,Seolleung & Jeongneung Royal Tomb,"37.509323,127.04672",attractions
1723779,Sonin Plaza,"37.532913,126.96528",attractions
1735171,Mesa,"37.56043,126.97954",attractions
1758805,The Blue House (Cheong Wa Dae),"37.586517,126.97581",attractions
1761206,Seoul Global Cultural Center,"37.56242,126.98506",attractions
1766551,Ssamji-gil,"37.574013,126.98499",attractions
1772732,Korea Local Information Center,"37.50444,127.00402",attractions
1804662,Hongneung Arboretum,"37.593555,127.04408",attractions
1809989,Seoul Museum of Art,"37.56452,126.97384",attractions
1821360,Cheongwadae Sarangchae,"37.582905,126.97325",attractions
1831099,National Gugak Center,"37.477673,127.00956",attractions
1836198,National Palace Museum of Korea,"37.576572,126.97549",attractions
1842046,Noryangjin Fish Market,"37.515,126.94138",attractions
1862191,Ewha Womans University,"37.56022,126.94569",attractions
1862195,The Museum of Korean Embroidery,"37.51538,127.03334",attractions
1862199,Myeongdong Seocobulhanjeungmag,"37.56239,126.984",attractions
1908282,sanmotoonge,"37.59536,126.96798",attractions
1946087,Grand Mart,"37.555206,126.93625",attractions
1956582,Majang Meat Market,"37.570858,127.042",attractions
1957485,Hongik University,"37.555077,126.923325",attractions
1957627,Yeouido Park,"37.526897,126.92273",attractions
1957629,The National Assembly Building,"37.52963,126.91627",attractions
1958930,Korea House,"37.560486,126.99486",attractions
1958940,Hongik University Street,"37.555458,126.92374",attractions
1960133,Choong Ang High School (Location for Winter Sonata),"37.583572,126.98687",attractions
1960138,Culture Station Seoul 284,"37.555817,126.97284",attractions
1962594,Lotte Department Store Main,"37.564404,126.98256",attractions
1972734,Jeongdong Theater,"37.565697,126.97292",attractions
1972740,Seven Luck Casino Gangnam Coex,"37.511883,127.05732",attractions
1990451,Times Square Mall,"37.517727,126.90346",attractions
1992546,Myeongdong Migliore,"37.563473,126.98362",attractions
2008729,Jamsil Baseball Stadium,"37.512516,127.07218",attractions
2011401,Shinsegae Dept. Store Main,"37.56056,126.98091",attractions
2014599,Achasan Mountain,"37.560097,127.10143",attractions
2015834,Paradise Casino Walkerhill,"37.555115,127.11027",attractions
2015883,Good Morning City,"37.566467,127.007774",attractions
2041644,SA.CHOOM Theater,"37.572678,126.987976",attractions
2041647,Lotte World Art Theater,"37.51131,127.09772",attractions
2092468,Seonyudo Park,"37.543514,126.89972",attractions
2094166,Seoul Museum of History,"37.570457,126.97044",attractions
2173769,Sebitseom,"37.512436,126.99599",attractions
2194168,Seoul Metro,"37.556664,126.98284",attractions
2203080,Trickeye Museum Seoul,"37.553406,126.92163",attractions
2209195,Cultural Complex J-Bug,"37.53101,127.066414",attractions
2255376,Naksan Myogaksa,"37.575756,127.01891",attractions
2269011,Munmyo,"Seoul 110-523,  31, Sungkyunkwan-ro, Jongno-gu",attractions
2269012,Dongmyo (Eastern Shrine),"37.5732,127.01823",attractions
2293568,Gyeonghuigung Palace,"37.578438,126.97686",attractions
2293574,Seoul Plaza,"37.565556,126.977875",attractions
2293590,"MMCA - National Museum of Contemporary Art, Deoksugung","37.565968,126.9737",attractions
2303919,Jeoldusan Martyrs' Shrine,"37.544136,126.91222",attractions
2341861,Yeouido Saetgang Ecological Park,"37.518295,126.92196",attractions
2341869,Whanki Museum,"37.59445,126.96622",attractions
2341870,Lock Museum,"37.579796,127.00446",attractions
2341887,Dosan Neighborhood Park,"37.52383,127.03533",attractions
2341905,Dongdaemun History & Culture Park,"37.56655,127.00912",attractions
2341922,Gilsangsa Shrine,"37.598446,126.99388",attractions
2367771,Seoul Folk Flea Market,"37.572567,127.025635",attractions
2369065,Owl Museum,"37.587154,126.98296",attractions
2392950,JN Shopping Mall,"37.561546,126.98618",attractions
2428773,Hoehyeon Underground Shopping area,"37.56075,126.98193",attractions
2457547,Grilled Fish Street in Dongdaemun Market,"37.5696,127.006004",attractions
2476657,"B-Boy city in Seoul - Kung, Hongdae Theatre","37.55351,126.92682",attractions
2476788,D-Cube City,"37.508938,126.889305",attractions
2483947,Hongdae NANTA Theatre,"37.55309,126.92111",attractions
2483960,Susubori Academy,"37.564,126.96319",attractions
2519674,Seoul Animation Center,"37.558468,126.9875",attractions
2571660,Itaewon,"37.534504,126.993935",attractions
2571695,Waryong Park,"37.590614,126.99059",attractions
3136733,Chilgung,"37.58499,126.97326",attractions
3197992,The National Theater of Korea,"37.552673,126.99934",attractions
320359,Changdeokgung Palace,"37.579254,126.99215",attractions
324887,Deoksugung,"37.565495,126.974815",attractions
324888,Gyeongbokgung Palace,"37.57843,126.97701",attractions
324890,The National Folk Museum of Korea,"37.58129,126.9789",attractions
324891,Lotte World,"37.511112,127.09888",attractions
324907,Namdaemun Market,"37.56031,126.97733",attractions
324915,Myeongdong NANTA Theater,"37.56353,126.98367",attractions
324951,Tapgol Park,"37.5712,126.98835",attractions
325043,National Museum of Korea,"37.523922,126.98085",attractions
3313698,T.um - SK telecom Ubiquitous Museum,"37.566544,126.98499",attractions
3313701,Baeksasil vally,"37.600266,126.96631",attractions
3322253,KTX (Korea Train Express),"37.553448,126.97111",attractions
3349619,World Jewellery Museum,"37.580963,126.98179",attractions
3531799,The War and Women's Human Rights Museum,"37.560078,126.91486",attractions
3568803,Banpodaegyo Bridge,"37.512417,126.99805",attractions
3600495,Namsan Cable Car,"37.55657,126.98416",attractions
3670803,"Museum of Art, Seoul National University","37.466446,126.94894",attractions
3694405,Unhyeongung,"37.57614,126.98698",attractions
3694519,Ihwa Mural Village,"37.577896,127.00732",attractions
3694539,Daelim Museum,"37.5775,126.97345",attractions
3694651,Yeongdeungpo Market,"37.51975,126.90793",attractions
3805397,Gyujanggak Library of Seoul National University,"Seoul 151-010,  599,Gwanak-roSillim-dong, Gwanak-gu",attractions
3805413,Museum of Traditional Korean Music,"37.478832,127.012",attractions
3805417,Coreana Art & Culture Complex,"Seoul 06024,  827, Eonju-ro, Gangnam-gu",attractions
3805418,Tteok and Kitchen Utensil Museum,"37.574867,126.99062",attractions
3805419,Museum of Korean Art,"Seoul 110-280,  73, Changdeokgung-gil, Jongno-gu",attractions
3805427,Beautiful Tea Museum,"37.572315,126.98586",attractions
3805440,Dong-Lim Knot Museum,"37.581867,126.98561",attractions
3805459,Hansangsoo Embroidery Museum,"37.58273,126.98564",attractions
3805479,Dongnimmun Gate,"37.572086,126.959785",attractions
3805483,Seodaemun Museum of Natural History,"37.576622,126.93767",attractions
3805494,Hanbok Museum,"37.577576,126.97976",attractions
3805517,Taereung,"Seoul 139-240,  San 223-19, SanGongneung-dong, Nowon-gu",attractions
3805519,Jingwansa Temple,"Seoul 122-200,  1, Jingwanoe-dong, Eunpyeong-gu",attractions
3805521,Jeongneung Royal Tomb,"37.602272,127.00643",attractions
3805530,Abraham Park Kenneth Vine Collection Museum,"37.492,126.844",attractions
3805545,Myeongin Museum,"37.580135,126.98518",attractions
3805557,Robot Museum,"Seoul 110-809,  1-44, Dongsung-dong, Jongno-gu",attractions
3805561,Chungdong Church,"37.565323,126.97297",attractions
3805568,Gahoe Museum,"37.58213,126.98564",attractions
3805580,Gansong Art Museum,"37.5942,126.997",attractions
3805584,Ihwajang House,"Seoul 110-500,  1-2, Ihwa-dong, Jongno-gu",attractions
3805589,Uireung,"37.603836,127.05755",attractions
3805601,Bosingak,"37.569973,126.98338",attractions
3805602,Heolleung / Illeung,"Seoul 137-180,  San 13-1, Naegok-dong",attractions
3805624,Bukchon Museum Old Fragrance,"Seoul 110-230,  35-177, Samcheong-dong, Jongno-gu",attractions
3805629,Former Russian Legation,"Seoul 04518,  15-1, Jeong-dong, Jung-gu",attractions
3805630,Sukjeongmun Gate,"Seoul 136-020,  San 25-22, Samcheong-dong, Jongno-gu",attractions
3805632,Ahyeondong Wedding Street,"Seoul 120-190,  Bukahyeon-dong, Seodaemun-gu",attractions
3805639,Korean Postage Stamp Museum,"37.561687,126.98229",attractions
3808256,Itaewon Antique Furniture Street,"37.53152,126.99374",attractions
3808276,Hyehwamun Gate (Honghwamun),"Seoul 110-530,  Hyehwa-dong, Jongno-gu",attractions
3808296,Changuimun Gate (Jahamun Gate),"Seoul 110-021,  Buam-dong, Jongno-gu",attractions
3808298,Horim Museum (Sinsa),"37.522167,127.036",attractions
3808299,Children¡¯s Museum of National Museum of Korea,"Seoul 140-240,  135, Seobinggo-ro, Seobinggo-dong, Yongsan-gu",attractions
3808303,Children's Folk Museum,"37.581566,126.97893",attractions
3808305,Yeonsero (Yonsei University Street),"37.56117,126.93992",attractions
3808315,Sungnyemun Gate,"37.559937,126.97528",attractions
3821647,Kokdu Museum,"37.583706,127.00359",attractions
3822061,IFC Mall,"37.52533,126.925644",attractions
3871936,National Museum of Modern and Contemporary Art Seoul,"37.579147,126.98032",attractions
3901164,Lotte Outlets Seoul Station,"37.55235,126.97213",attractions
3901265,Seoul Central Mosque,"37.53338,126.99748",attractions
3901448,Kyunghee University Seoul Campus,"37.595448,127.05276",attractions
3954463,Sinchon Museum of American War Atrocities,"Seoul,  Sinchon",attractions
3957021,Asian Art Museum,"Seoul,  35-91 Samcheong-dong, Jongno-gu",attractions
3957040,National Museum of Korean Contemporary History,"37.57396,126.97768",attractions
4067949,Artsonje Center,"Seoul,  87, Yulgok-ro 3-gil, Jongno-gu",attractions
4068006,Daewonsa Tibet Museum,"Seoul,  831, Juksan-ri, Mundeok-myeon",attractions
4068109,Iron Museum,"Seoul,  97, Ohyang-ri, Gamgok-myeon",attractions
4068112,Andong Soju Traditional Food Museum,"Seoul,  280, Susang-dong",attractions
4084344,Seoul City Hall,"37.56629,126.97784",attractions
4084362,Kwanghee Fasion Mall,"37.568584,127.01192",attractions
4084386,Bugaksan Seoul Fortress,"37.59371,126.97753",attractions
4087589,Gimpo City Hall,"Seoul,  263-1, Saoe-dong",attractions
4094797,Gallery Arario Seoul,"37.57905,126.98201",attractions
4094800,Gonggeunhye Gallery,"37.58399,126.97965",attractions
4094809,Ttukseom Hangang Park,"37.531868,127.07028",attractions
4094815,Alpha Gallery,"37.56026,126.97672",attractions
4094818,Dongduk Art Gallery,"Seoul,  151-8, Gwanhun-dong, Jongno-gu",attractions
4094832,Gallery Now,"Seoul,  192-13, Gwanhun-dong, Jongno-gu",attractions
4094834,Gallery The Space,"37.520798,127.04847",attractions
4094840,Moin Gallery,"37.574226,126.98581",attractions
4094859,Gallery SUN Contemporary,"37.5805,126.98037",attractions
4094861,Haneul Park,"37.566414,126.88615",attractions
4094871,Gallery We,"37.59123,126.98003",attractions
4094877,Chungmu Arts Center,"37.566006,127.0148",attractions
4094887,Art Center Nabi,"Seoul,  99, Seorin-dong, Jongno-gu",attractions
4094903,Ice Gallery,"37.553883,126.92205",attractions
4094927,Gallery Luminarie,"Seoul,  1323-1, Seocho2-dong, Seocho-gu",attractions
4094934,Universal Art Center,"37.55025,127.08756",attractions
4094936,Knife Gallery,"37.573765,126.984856",attractions
4094942,Guro Art Valley,"37.49654,126.88897",attractions
4094957,Gallery Sabina,"37.57398,126.98543",attractions
4095481,The Central Museum of KyungHee University,"Seoul,  1, Hoegi-dong, Dongdaemun-gu",attractions
4095486,Ahmsadong Seonsa Joogeoji,"37.55764,127.13072",attractions
4095493,Mongchon Museum of History,"Seoul,  88-3, Bangi-dong, Songpa-gu",attractions
4095494,Korea Army Museum,"37.624485,127.08224",attractions
4095498,Samjeondobi,"37.50332,127.10706",attractions
4095502,I-Park Mall,"37.528965,126.96546",attractions
4095561,Sookmyung Women's University Museum,"37.545578,126.96539",attractions
4095581,Gyeomjae Jeongseon Memorial Museum,"37.572166,126.83837",attractions
4095605,Park Eul Bok Embroidery Museum,"37.653534,127.0086",attractions
4095620,Kyungwoon Museum,"37.486828,127.06609",attractions
4095644,Tibet Museum,"37.580105,126.98194",attractions
4095656,The Korea Museum of Modern Costume,"Seoul,  55-1, Chungsin-dong, Jongno-gu",attractions
4095657,Amsadong Pre-history Settlement Site,"37.560566,127.13087",attractions
4095668,Korea Alpine Museum,"37.497837,127.0356",attractions
4095671,Yonsei University Museum,"37.5655,126.93793",attractions
4095679,Sayookshin Park,"37.513515,126.94866",attractions
4095680,Nakseongdae Park,"37.470974,126.960526",attractions
4095681,Jangchungdan Park,"37.558743,127.00477",attractions
4095685,Naksan Park,"37.580868,127.00816",attractions
4096206,Donahm Moonhwa Sports Center,"37.593277,127.01294",attractions
4096207,Yongsangoo Moonhwa Chaeyook Center,"37.53722,126.9677",attractions
4096223,Namsan Town Culture Sports Center,"37.54956,127.01189",attractions
4096226,Mapo Art Center,"37.549953,126.94558",attractions
4097409,Korea Furniture Museum,"37.599648,126.99317",attractions
4211969,Ujeongchongguk,"37.574406,126.98273",attractions
4235275,Charlotte Theater,"37.511253,127.09802",attractions
4323885,Chungjeongno NANTA Theatre,"37.559956,126.9622",attractions
4412686,An Jung-geun Memorial Hall,"37.553432,126.98054",attractions
4427522,Seoul Museum of Art Namseoul Bunkwan,"37.47613,126.97959",attractions
4427533,Hanwon Museum of Art,"37.48176,127.01545",attractions
4427534,Plateao,"Seoul,  150, Taepyeongno2-ga, Jung-gu",attractions
4427620,Hwajeong Museum,"Seoul,  3, Pyeongchang 8-gil, Jongno-gu",attractions
4427650,Ultra Architecture Museum,"Seoul,  262, Jungang-ro, Yangcheon-gu",attractions
4427657,Seangmyeong Gwahak Cheheom Bakmulgwan,"Seoul,  206-1, Mokdongdong-ro, Yangcheon-gu",attractions
4427661,Gallery Hyundae,"Seoul,  640-6, Sinsa-dong, Gangnam-gu",attractions
4427662,Bonsai Museum,"Seoul 06801,  40-10, Sinheungan-gil, Seocho-gu",attractions
4427670,Seoul University Hospital Medical Museum,"Seoul,  28 Yeongeon-dong, Jongno-gu",attractions
4438496,Seoul Art Center Gongpyeong Gallery,"Seoul,  5-1, Gongpyeong-dong, Jongno-gu",attractions
4438505,Lotte World Folk Museum,"37.5112,127.098",attractions
4438517,Woong Gallery,"Seoul 06054,  34, Eonju-ro 150-gil, Gangnam-gu",attractions
4438637,Ganbuk Munhwa Yesulhoekwan,"Seoul,  360-10, Suyu-dong, Gangbuk-gu",attractions
4438686,Gandong Gurip Hegong Doseokwan,"Seoul,  360, Cheonho 2-dong, Gangdong-gu",attractions
4438687,Segok Munhwa Center,"Seoul,  278-1, Yulhyeon-dong, Gangnam-gu",attractions
4438706,Gepo2 Munhwa Center,"Seoul,  8, Samseong-dong, Gangnam-gu",attractions
4438716,Jungmyeongjeon Hall,"Seoul,  1-11, Jeong-dong, Jung-gu",attractions
4438789,Central Buddhist Museum,"37.573715,126.98198",attractions
4440129,Yesuli Jeondang Operahouse Jayu Sokukjang,"Seoul,  700, Seocho-dong, Seocho-gu",attractions
4798548,Tiovivo Shindorim Store,"Seoul 08322,  3-25, Guro5-dong, Guro-gu",attractions
4798567,Kukje Gallery,"Seoul,  59-1, Sogyeok-dong, Jongno-gu",attractions
4798570,Deokwon Gallery,"Seoul,  15, Insa-dong, Jongno-gu",attractions
4798571,Yoon Gallery,"Seoul,  30-12, Gwanhun-dong, Jongno-gu",attractions
4798574,Trunk Gallery,"Seoul,  128-3, Sogyeok-dong, Jongno-gu",attractions
4798583,Gana Art Gallery,"Seoul,  97, Pyeongchang-dong, Jongno-gu",attractions
4798598,Kwanhoon Gallery,"Seoul 03164,  11, Insadong-gil, Jongno-gu",attractions
4798608,Insa Art Center,"Seoul 03145,  41-1, Insadong-gil, Jongno-gu",attractions
4798610,Seoul Olympic Misulgwan,"Seoul,  88-8, Bangi-dong, Songpa-gu",attractions
4798618,The Museum of Photography,"Seoul,  45, Bangi-dong, Songpa-gu",attractions
4798630,Seoul Fashion Center,"Seoul,  251-7, Sindang-dong, Jung-gu",attractions
4798642,Hongreung Sumokwon,"Seoul,  207, Cheongnyangni2-dong, Dongdaemun-gu",attractions
4798676,Jong Ie Nara Paper Art Museum,"Seoul 04606,  166, Jangchungdan-ro, Jung-gu",attractions
4798677,Choonwondang Museum of Korean Medicine,"Seoul 03139,  27, Donhwamun-ro 9-gil, Jongno-gu",attractions
4798681,The Korean National Police Heritage Museum,"Seoul,  58, Sinmunno2-ga, Jongno-gu",attractions
4798686,Korean Film Archive,"Seoul,  1602, Sangam-dong, Mapo-gu",attractions
4798687,Bona Museum/Gallery,"Seoul,  192-10, Gwanhun-dong, Jongno-gu",attractions
4798694,Mokin Museum,"Seoul,  82, Gyeonji-dong, Jongno-gu",attractions
4798698,Seoul Olympic Museum,"37.521,127.116",attractions
4798710,Songpa Naru Park,"Seoul 05617,  180, Jamsil-ro, Songpa-gu",attractions
4798711,Seoul Forest,"37.544132,127.041725",attractions
4798715,Yeouido Hangang Park,"37.52747,126.93387",attractions
4798717,Samcheong Park,"Seoul,  2, Samcheong-dong, Jongno-gu",attractions
4798825,Woori Financial Art Hall,"Seoul,  88-2, Bangi-dong, Songpa-gu",attractions
4798827,Olympus Hall,"Seoul,  114-9, Samseong-dong, Gangnam-gu",attractions
502576,Samcheonggak,"37.59759,126.98369",attractions
553213,Seoul Daehangno,"37.58098,127.0024",attractions
553246,Sinchon,"37.55694,126.936806",attractions
553546,Myeongdong Shopping Street,"37.56355,126.98473",attractions
554303,Starfield COEX Mall,"37.511185,127.06021",attractions
554528,Bukhansan National Park,"37.654488,126.97902",attractions
554533,Dongdaemun Gate (Heunginjimun),"37.571026,127.00912",attractions
554537,The War Memorial of Korea,"37.535297,126.97722",attractions
554551,63 City,"37.5198,126.94008",attractions
554582,Namsan Park,"37.551746,126.98804",attractions
554634,Jongmyo Shrine,"37.572933,126.994354",attractions
561808,Seoul World Cup Stadium,"37.568386,126.896866",attractions
590748,Gwanghwamun Gate,"37.57581,126.97692",attractions
5924188,Trick World,"37.562412,126.9841",attractions
592440,Sajik Park,"37.575993,126.96779",attractions
592441,4.19 Memorial Cemetery,"37.648933,127.00785",attractions
592442,Achasanseong Fortress,"Seoul 143-210,  Gwangjang-dong, Gwangjin-gu",attractions
592450,Agricultural Museum,"37.56663,126.968254",attractions
5924658,Seoul Museum,"37.59487,126.963455",attractions
592482,Bongwonsa Temple,"37.572132,126.9471",attractions
592483,Aquarium 63 SeaWorld,"37.519783,126.94021",attractions
592484,Statue of Admiral Yi Sun-Sin,"37.57072,126.97692",attractions
592486,Bongeunsa Temple,"37.515244,127.056946",attractions
592487,Boramae Park,"37.49184,126.91938",attractions
592490,Seoul Children's Grand Park,"37.549084,127.08271",attractions
592492,Shinhan Museum,"37.568626,126.97645",attractions
592495,Coex Aquarium,"37.512913,127.05837",attractions
592497,Doseonsa Temple,"37.655304,126.98971",attractions
592500,Onggi Folk Museum,"37.654522,127.014915",attractions
592502,Global Village Folklore Museum,"37.55451,126.98116",attractions
592504,Horim Museum Sillim,"37.48087,126.918205",attractions
592506,Insadong,"37.574165,126.98491",attractions
592507,King Sejong Memorial Hall,"37.590244,127.04338",attractions
592508,Seoul National Cemetery,"37.496075,126.96713",attractions
592509,Postal Museum,"Seoul 100-151,  21 Choogmuro 1-ga",attractions
592515,Maruzon Kimchi Market,"Seoul 157-200,  1543-2 Gayang-dong",attractions
592517,Total Art Museum,"37.612144,126.97561",attractions
592518,Korean Customs Museum,"37.518185,127.03472",attractions
592520,Marronnier Park,"37.5804,127.00279",attractions
592521,Museum Kimchikan,"37.57356,126.98528",attractions
592523,Yongsan Family Park,"37.521122,126.984146",attractions
592524,Korea Military Academy,"37.625015,127.097305",attractions
592658,Olympic Park,"37.517876,127.1194",attractions
5971975,KBS On,"37.52559,126.91642",attractions
598499,Leeum Samsung Museum of Art,"37.538036,126.99899",attractions
609340,Myeong-dong Cathedral,"37.563774,126.986855",attractions
6197433,"National Museum of Art, Deoksugung","37.565872,126.97501",attractions
6197467,Sudoguksan Museum of Housing and Living,"37.572536,126.99806",attractions
6197503,Kim Koo Museum & Library,"37.545025,126.95974",attractions
632509,Hwagyesa Temple,"37.632664,127.007195",attractions
6352852,Mecenatpolis Mall,"37.5506,126.91368",attractions
6378743,Alive Museum Insadong,"37.57171,126.98729",attractions
6509932,Naksan Public Art,"37.56657,127.00774",attractions
6570666,Ewha Woman's University,"37.557373,126.94583",attractions
6656809,Korea University,"37.59002,127.03184",attractions
6656879,Samcheongdong-gil Road,"37.582783,126.98187",attractions
6671988,Dongdaemun Design Plaza (DDP),"37.567024,126.99493",attractions
6680423,Tourist Information Center of Korea Tourism Organization,"37.568523,126.98165",attractions
6732940,Bittarae,"37.51824,126.90121",attractions
6847894,Yanghwajin Foreign Missionary Cemetery,"37.546474,126.91138",attractions
6847900,Gwanghwamun Square,"37.574066,126.97677",attractions
6876616,Seoul Seokchon-dong Ancient Tombs,"37.501972,127.10288",attractions
6941864,Seoul Namsan Traditional Theater,"37.5585,126.9935",attractions
6960656,Mario outlet,"37.478706,126.8865",attractions
7028430,Yangjae Citizens' Park,"37.4699,127.03706",attractions
7028432,Dream Forest,"37.621567,127.04007",attractions
7028448,Montmartre Park,"37.49502,127.00361",attractions
7060791,63 Sky Art,"37.519733,126.940155",attractions
7060830,Simone Handbag Museum,"37.519024,127.023",attractions
7060833,Kyung-In Museum of Fine Art,"37.57456,126.98562",attractions
7060838,Cheonggyecheon Museum,"37.57124,127.03502",attractions
7118734,Bukchon Cultural Center,"37.579037,126.9864",attractions
7154750,Hongdae Art Market Free Market,"37.552277,126.922966",attractions
7154824,Daelim Market,"37.61003,126.92149",attractions
7154849,Little Tokyo,"37.520683,126.96868",attractions
7154853,Central Asian Village,"37.563797,127.00023",attractions
7154858,Arario Museum in Space,"37.577656,126.98847",attractions
7154877,The National Library of Korea,"Seoul 06579,  201, Banpo-daero, Seocho-gu",attractions
7154928,Dongmyo Flea Market,"37.575405,127.01939",attractions
7154939,Cheongdam Fashion Street,"37.525063,127.04933",attractions
7264066,Suseongdong Valley,"Seoul,  Jongno-gu",attractions
7264107,GOTO Mall,"37.506226,127.00491",attractions
7264189,Saenamteo Catholic Holy Place of the Martyrs,"37.524426,126.95614",attractions
7264192,Eungbongsan Mountain,"Seoul,  Eungbong-dong, Seongdong-gu",attractions
7272329,Horim Museum Sinsa,"Seoul 06021,  317, Dosan-daero, Gangnam-gu",attractions
7353795,Bukchon Observatory,"37.582973,126.98274",attractions
7353801,Son Kee Chung Memorial Hall,"Seoul 04501,  101, Songijeong-ro, Jung-gu",attractions
7622540,Jeongdong Observatory,"37.565514,126.97553",attractions
7717373,Seoul City Wall,"37.566536,126.97797",attractions
7717447,Hwangudan Altar,"Seoul 04533,  112, Sogong-ro, Jung-gu",attractions
7717516,National Hangeul Museum,"37.52434,126.97198",attractions
7738848,Dibo Village,"Seoul 04572,  400, Cheonggyecheon-ro, Jung-gu",attractions
7891673,Ilmin Museum of Art,"Seoul,  1, Cheonggyecheon-ro, Jongno-gu",attractions
7891676,Garden 5,"Seoul 05838,  66, Chungmin-ro, Songpa-gu",attractions
7891686,The Story of King Sejong & The Story of Admiral Yi Sunshin,"37.572693,126.9769",attractions
7891834,Riverview 8th Avenue,"Seoul 05248,  4, Seonsa-ro, Gangdong-gu, Seoul",attractions
7891838,LG Arts Center,"37.5019,127.037285",attractions
7891907,POSCO Art Museum,"Seoul 06194,  440, Teheran-ro, Gangnam-gu",attractions
7891908,The Seoul National Science Museum,"Seoul,  215, Changgyeonggung-ro, Jongno-gu",attractions
7891912,Dapsimni Antique Shopping Mall,"37.569332,127.051",attractions
7891913,Nanji Art Studio,"Seoul 03900,  108, Haneulgongwon-ro, Mapo-gu",attractions
7891916,Arko Arts Theater,"Seoul,  7, Daehak-ro 8-gil, Jongno-gu",attractions
7891917,Yakhyeon Catholic Church,"Seoul 04506,  447-1, Cheongpa-ro, Jung-gu",attractions
7891918,Soma Museum of Art,"Seoul,  424, Olympic-ro, Songpa-gu",attractions
7891924,Kumho Museum of Art,"37.577526,126.97982",attractions
7891933,Hakgojae Gallery,"Seoul,  50, Samcheong-ro, Jongno-gu",attractions
7891934,Sungkok Art Museum,"Seoul,  42, Gyeonghuigung-gil, Jongno-gu",attractions
7891939,Seonyugyo Bridge,"37.540817,126.90172",attractions
7891943,Mongchontoseong Fortress,"Seoul,  424, Olympic-ro, Songpa-gu",attractions
7891945,Hi Brand Premium Outlet,"Seoul 06771,  16, Maeheon-ro, Seocho-gu",attractions
7891946,Seoul Anglican Cathedral,"Seoul 04519,  15, Sejong-daero 21-gil, Jung-gu",attractions
7891951,M Plaza,"Seoul 04536,  27, Myeongdong 8-gil, Jung-gu",attractions
7891956,Garak Market,"Seoul 05699,  932, Yangjae-daero, Songpa-gu",attractions
7891981,Kim Chong Yung Museum,"Seoul,  30, Pyeongchang 32-gil, Jongno-gu",attractions
7891989,The Memorial to the Patriot Yun Bonggil,"Seoul 06773,  99, Maeheon-ro, Seocho-gu",attractions
7891991,Digital Pavilion,"37.579636,126.89101",attractions
7892011,Gildong Ecological Park,"Seoul 05357,  1298, Cheonho-daero, Gangdong-gu",attractions
7892016,Ttukseom Flea Market,"Seoul 05097,  139, Gangbyeonbuk-ro, Gwangjin-gu",attractions
7892033,Banghak Dokkaebi Market,"Seoul,  29, Dodang-ro 13da-gil, Dobong-gu",attractions
7892121,Seoul Yangnyeongsi Herb Medicine Museum,"Seoul 02566,  128, Wangsan-ro, Dongdaemun-gu",attractions
7892126,Daegaksa Temple,"Seoul,  87, Yulgok-ro 10-gil, Jongno-gu",attractions
7892131,Seoseoul Lake Park,"Seoul,  Yangcheon-gu",attractions
7892136,Appenzeller Noble Memorial Museum,"37.56389,126.97253",attractions
7892447,Gangnam Tourist Information Center,"Seoul 06001,  161, Apgujeong-ro, Gangnam-gu",attractions
7892528,K-Pop Music Exhibition Hall,"Seoul,  424, Olympic-ro, Songpa-gu",attractions
7892561,The Museum of Korean Medical History,"Seoul,  23, Kyungheedae-ro, Dongdaemun-gu",attractions
7980918,Dosan Ahn Chang Ho Memorial Hall,"Seoul 06020,  20, Dosan-daero 45-gil, Gangnam-gu",attractions
7987267,Chungun Park,"Seoul,  7-4, Cheongun-dong, Jongno-gu",attractions
7987806,Seosomun Park,"Seoul,  16, Uijuro2-ga, Jung-gu",attractions
8019604,Seodaemun Independence Park,"Seoul 03732,  247, Tongil-ro, Seodaemun-gu",attractions
8029067,Teseum Seoul,"37.57171,127.0153",attractions
8076992,Gallery Hyundai,"Seoul 03062,  14, Samcheong-ro, Jongno-gu",attractions
8077234,Dobong Culture Information Library,"Seoul 01485,  315, Deongneung-ro, Dobong-gu",attractions
8077812,Gangnam Arthall,"Seoul,  30, Seocho-daero 73-gil, Seocho-gu",attractions
8084014,Hyundai Department Store Apgujeong Main,"37.52731,127.02749",attractions
8121688,Chungmuro Pet Street,"Seoul,  Chungmuro",attractions
8121809,Korean Magazine Museum,"Seoul 07333,  11, Yeouidaebang-ro 67-gil, Yeongdeungpo-gu",attractions
8121817,Kyunghee University Natural History Museum,"Seoul,  26, Kyungheedae-ro, Dongdaemun-gu",attractions
8121881,The Galleria Main Store,"37.527866,127.04159",attractions
8123881,Gangbook Culture Information Library,"Seoul 01151,  145, Ohyeon-ro, Gangbuk-gu",attractions
8262102,Simsimheon,"37.582684,126.98356",attractions
8317410,Wonseo Park,"Seoul,  19, Changdeokgung-gil, Jongno-gu",attractions
8404036,Insadong P.R & Tourist Information Center,"Seoul,  19, Insadong 11-gil, Jongno-gu",attractions
8449187,Seoul Baekje Museum,"37.51555,127.12097",attractions
8449230,Nadeul-gil Trail,null,attractions
8556104,Myeongdong Tourist Information Center,"37.56581,126.98448",attractions
8591663,Dongyang Art Center,"Seoul,  29, Daehak-ro 14-gil, Jongno-gu",attractions
8591974,Yeonghwasa Temple,"Seoul 04948,  107, Yeonghwasa-ro, Gwangjin-gu",attractions
8627561,Museum Kimchikan,"Seoul,  35, Insa-dong, Jongno-gu",attractions
8693245,3D Black Art Museum,"37.561787,126.98664",attractions
8693250,Mokdong Stadium,"Seoul 07990,  939, Anyangcheon-ro, Yangcheon-gu",attractions
8724136,Bugaksan Mountain,"Seoul,  Buam-dong, Jongno-gu",attractions
8737878,Grevin Museum,"37.56608,126.98047",attractions
8749178,Pyeonghwa Market,"37.569603,127.00953",attractions
8769919,Seoul City Wall Museum,"37.57259,127.0083",attractions
8790342,Yongma Land,"37.59437,127.10529",attractions
8798065,Lotte World Aquarium,"37.509766,127.102684",attractions
8822284,Gocheok Sky Dome,"37.49816,126.86721",attractions
8822309,Lotte Young Plaza Myeongdong,"37.56363,126.98201",attractions
8842556,Lotte World Tower & Mall,"37.512596,127.10259",attractions
9569019,Ten-story Stone Pagoda of Wongaksa Temple Site,"Seoul,  Jongno-gu",attractions
9582584,Doota,"37.568806,127.009186",attractions
9582763,Green Wall,"Seoul 04524,  110, Sejong-daero, Jung-gu",attractions
9583000,Lotte FitIn,"37.565987,127.00741",attractions
9583069,Seocho Tourist Information Center,"37.49809,127.02704",attractions
9586394,Daehan Empire Historical Museum,"Seoul 04519,  99, Sejong-daero",attractions
9587015,Mapodaegyo Bridge,"Seoul,  Yonggang-dong Mapo-gu",attractions
9719010,Dokdo Museum Seoul,"Seoul 03739,  81, Tongil-ro, Seodaemun-gu",attractions
9736432,BK Plastic Surgery Museum,"Seoul 06038,  106, Dosan-daero, Gangnam-gu",attractions
9755552,Shinsegae Gangnam,"37.50492,127.00419",attractions
9796664,Common Ground,"37.541237,127.06583",attractions
9996891,Poopoo Land,"37.57438,126.98503",attractions
9997012,Manhae Han Young Un Simujang,"Seoul,  24, Seongbuk-ro 24-gil, Seongbuk-gu",attractions
